river,station,target,n,nse,nse_persistence,coverage80_raw,coverage80_cal,rmse,median_abs_q50_minus_persistence
geum,S03002,chl-a,407,0.45132622749642526,0.40349396911947777,0.7641277641277642,0.8452088452088452,12.227150276811821,1.2270281910896297
geum,S03002,do,409,0.27229280201948425,0.06538313733200396,0.8361858190709046,0.8166259168704156,1.6653160313316124,0.4017442600293597
geum,S03002,toc,374,0.27517422532788816,-0.14422664849902644,0.786096256684492,0.8101604278074866,0.8123253427940742,0.23272671302159642
geum,S03003,chl-a,433,0.44380957925434705,0.33653293039154175,0.7598152424942263,0.8244803695150116,7.887029158077123,0.4673836628595991
geum,S03003,do,436,0.7346830082630716,0.7053711993324913,0.731651376146789,0.7912844036697247,0.9430107474962705,0.11499412854512592
geum,S03003,tn,419,0.7095557232603839,0.6775853925993808,0.801909307875895,0.8138424821002387,0.2828513364314617,0.0422304769357047
geum,S03003,toc,210,0.27313174639028603,0.2832099288659323,0.6714285714285714,0.819047619047619,0.24427731863357724,0.030785386761029487
geum,S03003,tp,425,0.3489563543402191,0.2959573004605034,0.8682352941176471,0.8094117647058824,0.005709460189799298,0.00046218310793240923
geum,S03004,chl-a,319,0.3320122044404118,0.1465403719766325,0.64576802507837,0.8087774294670846,18.42436772084238,2.9300813169190363
geum,S03004,do,317,0.34484103896307705,0.0972197685649071,0.7255520504731862,0.8138801261829653,2.233171680377378,0.5090054138140241
geum,S03004,tn,313,0.7930771280865294,0.7359699597443867,0.7188498402555911,0.8146964856230032,0.5142554524762638,0.11934212843577052
geum,S03004,toc,304,0.5076449141066222,0.4840296070949325,0.7598684210526315,0.7894736842105263,0.3167226761949139,0.08767376343409206
geum,S03004,tp,318,0.34887962676708584,0.19414439909268044,0.7704402515723271,0.8238993710691824,0.02783371843723389,0.0038497690111398697
geum,S03005,chl-a,393,0.27215785682026705,0.1952691930225804,0.6513994910941476,0.7938931297709924,23.746538877310595,3.3670429388682024
geum,S03005,do,400,0.3304658781818314,0.21058953096727773,0.6775,0.82,2.4734035370763543,0.32446127768718824
geum,S03005,tn,394,0.8385139006347041,0.8209654814357032,0.7385786802030457,0.7918781725888325,0.4442067351285433,0.07903166611989354
geum,S03005,toc,397,0.39258991085716755,0.3200087423439487,0.8513853904282116,0.8060453400503779,0.3149172319605644,0.08453198273976614
geum,S03005,tp,389,0.14364978634006142,-0.09417723418096169,0.7095115681233933,0.7969151670951157,0.024895026975138422,0.0025290302000939846
geum,S03006,chl-a,311,0.5994228646669654,0.5984435212681618,0.6591639871382636,0.8263665594855305,32.12703701185724,2.154000196605921
geum,S03006,do,355,0.41215007803244585,0.3506422202351259,0.8140845070422535,0.8140845070422535,1.5962510283726916,0.37168495810550173
geum,S03006,toc,342,0.4347400466077356,0.522809803226733,0.7485380116959064,0.8070175438596491,1.0059952592379118,0.20708232858906617
geum,S03007,chl-a,431,0.384709177559308,0.19014321189817862,0.7726218097447796,0.8306264501160093,10.73676810537226,0.8246237436930342
geum,S03007,do,435,0.6534070050126168,0.6303786393830331,0.728735632183908,0.7862068965517242,1.2412463644025886,0.17348575592041016
geum,S03007,tn,427,0.45510109374970154,0.44940028646055774,0.7845433255269321,0.775175644028103,0.48097718570260195,0.05692631006240845
geum,S03007,toc,416,0.6199248746477705,0.5706893367411319,0.7908653846153846,0.8100961538461539,0.4204986920554231,0.04672625073880843
geum,S03007,tp,400,0.4712942798629961,0.3906233593758218,0.765,0.8225,0.018160199717954732,0.0010365368393452264
geum,S03008,chl-a,409,0.6598624051453862,0.5711216428482844,0.784841075794621,0.7603911980440098,7.9152174645364965,0.2977629701296487
geum,S03008,do,408,0.861222222304904,0.8586766133181666,0.7769607843137255,0.7769607843137255,0.5873376954554362,0.09435492753982544
geum,S03008,tn,408,0.808533853965349,0.7982640618193937,0.7818627450980392,0.8161764705882353,0.1442281271492484,0.020212521155675178
geum,S03008,toc,396,0.8305424550006453,0.8612701390951698,0.8207070707070707,0.8232323232323232,0.12566905575178583,0.019665497044722313
geum,S03008,tp,408,0.6831579948990741,0.7119234900452873,0.8137254901960784,0.8088235294117647,0.0018013580568432897,0.00014152701381438715
geum,S03009,chl-a,416,0.33204700203887205,0.14008168097538887,0.7475961538461539,0.7956730769230769,1.18339981943868,0.1682375726245695
geum,S03009,do,425,0.958272940312082,0.959931514482856,0.6094117647058823,0.8023529411764706,0.6227466963505018,0.11028818289438824
geum,S03009,tn,415,0.7510014994334562,0.690364136655286,0.8337349397590361,0.8289156626506025,0.12821982893377054,0.024632421632607704
geum,S03009,toc,413,0.742953498437961,0.7648999840979009,0.7409200968523002,0.7796610169491526,0.11629632679854017,0.019635250171025742
geum,S03009,tp,421,0.8174164954260694,0.8366163541832384,0.8194774346793349,0.828978622327791,0.00566039990855891,0.0006461807060986757
geum,S03010,do,385,0.2718456213989109,0.24695737832341502,0.7038961038961039,0.7896103896103897,2.0192162231401043,0.26651897033055594
geum,S03010,tn,387,0.6854178596865832,0.6407743180949602,0.7054263565891473,0.7803617571059431,0.4119822799498759,0.05832354227701808
geum,S03010,toc,384,0.714228452655996,0.694143129622429,0.8072916666666666,0.8411458333333334,0.6810005959671998,0.09427462021509792
geum,S03010,tp,371,0.4839149804796482,0.27004006968558636,0.7762803234501348,0.816711590296496,0.02120143955275471,0.001482806944598753
geum,S03011,do,400,0.7500454850054215,0.7184015849540574,0.76,0.805,1.055338400014525,0.2241249183813725
geum,S03011,tn,387,0.7954459912435801,0.7710467312028382,0.7131782945736435,0.7906976744186046,0.3123316256272142,0.036934976776440864
geum,S03011,toc,374,0.46716621334701125,0.35630523894082133,0.7807486631016043,0.7887700534759359,0.2604093540137919,0.03464251259962703
geum,S03011,tp,381,0.42397381667806255,0.3506282761660987,0.800524934383202,0.8057742782152231,0.007474492566957912,0.000595226748070369
geum,S03012,do,257,0.07150058402029058,-0.18239765704115318,0.7859922178988327,0.8054474708171206,1.4645905239462345,0.3520611921946202
geum,S03012,tn,425,0.7079999759697178,0.659215279941778,0.7717647058823529,0.7952941176470588,0.47312095904438617,0.05932271480560303
geum,S03012,toc,428,0.3560480576533883,-0.06625119239924415,0.7873831775700935,0.8317757009345794,0.5428584296829889,0.07069889207681013
geum,S03012,tp,425,0.07948632681558665,-0.34948240606762115,0.8094117647058824,0.8117647058823529,0.01663256931561822,0.0018341031391173601
geum,S03013,chl-a,161,0.2900422585958985,0.10230237773344064,0.6956521739130435,0.8322981366459627,8.593906942909491,1.6255154609680176
geum,S03013,do,164,-0.1613335304270287,-0.42449910817193226,0.676829268292683,0.7621951219512195,1.6910316036954505,0.29227041062854653
geum,S03013,tn,153,0.5817931265811951,0.500153387919391,0.7320261437908496,0.8300653594771242,0.5566615694993569,0.1402666171391802
geum,S03013,toc,142,-0.0988731656832662,-0.16129497936943515,0.6971830985915493,0.8098591549295775,0.7987905782803867,0.21710471312205026
geum,S03013,tp,153,0.023527066004041752,-0.47935758149507546,0.6470588235294118,0.7908496732026143,0.025232785738234585,0.003161052862803139
geum,S03014,chl-a,379,0.6550841165553839,0.5977079404144874,0.6939313984168866,0.762532981530343,1.6412846569950466,0.11189937094847363
geum,S03014,do,375,0.8005274314402216,0.808187839639283,0.7546666666666667,0.8213333333333334,0.882616038788793,0.14172573884328266
geum,S03014,tn,366,0.6730617429343009,0.6462807250786295,0.6994535519125683,0.7978142076502732,0.39644558390289414,0.05510086814562487
geum,S03014,toc,375,0.5099118313988034,0.36707732359722867,0.7626666666666667,0.792,0.3429493034288843,0.04461751554323279
geum,S03014,tp,377,-0.10610802583166912,-0.3430388047169455,0.7241379310344828,0.7851458885941645,0.012077600548958579,0.001064592506736517
han,S01001,chl-a,406,0.37396124495271565,0.22097038623319265,0.7807881773399015,0.8029556650246306,8.247492905176804,0.5920041998227434
han,S01001,do,397,0.8649600796037517,0.8418011339042114,0.7128463476070529,0.8387909319899244,0.6989475732673295,0.11666882038116455
han,S01001,tn,388,0.7238377836075713,0.6849849139181883,0.7164948453608248,0.8195876288659794,0.15889753840440796,0.01829983429475268
han,S01001,toc,382,0.732384319218411,0.6662449073602666,0.824607329842932,0.7984293193717278,0.17389474328167817,0.028132523099581364
han,S01001,tp,366,0.3027490900530666,0.0345674233371317,0.8360655737704918,0.7978142076502732,0.00246760024900719,0.00023753502076336486
han,S01002,chl-a,378,0.6834852447870048,0.6728353915637275,0.701058201058201,0.8095238095238095,12.048913772755705,0.5928673868378005
han,S01002,do,377,0.6080097800636397,0.44590111870880345,0.7453580901856764,0.8116710875331565,1.1989432753876899,0.22976852499920408
han,S01002,tn,322,0.4363612558014893,0.4161966632753137,0.7515527950310559,0.8167701863354038,0.41891296370035197,0.0822581102450688
han,S01002,toc,349,0.7155900124887371,0.7241836791926168,0.7306590257879656,0.828080229226361,0.3843804263634965,0.03727654740214348
han,S01002,tp,339,-0.07254107053835779,-0.4877894047116882,0.7020648967551623,0.8141592920353983,0.03167616091342895,0.0020085719414055375
han,S01003,chl-a,412,0.6755097445902996,0.6387950910333897,0.6432038834951457,0.7766990291262136,33.53610722640811,1.5341198472749618
han,S01003,do,434,0.4704966477679593,0.34705728585690954,0.8433179723502304,0.815668202764977,1.2890467931520788,0.29025959968566895
han,S01003,toc,434,0.5909814113713088,0.5200014021812003,0.7880184331797235,0.8087557603686636,0.36195555136052915,0.07895288260086719
han,S01004,do,424,0.7941699565958771,0.7689334908159017,0.7311320754716981,0.7995283018867925,1.0132520466670711,0.16296935081481934
han,S01004,toc,423,0.29898534432884427,0.15107157873694443,0.7943262411347518,0.8368794326241135,0.34339753537092665,0.036901308142620604
han,S01005,chl-a,410,0.3116811698471711,0.14014854317252956,0.7219512195121951,0.8195121951219512,4.69178917877503,0.47065042412799407
han,S01005,do,406,0.8029635915009193,0.7485898609239744,0.7832512315270936,0.8103448275862069,0.9277290566912396,0.22815107163928827
han,S01005,tn,358,0.5727829063727071,0.5523105261678706,0.7318435754189944,0.835195530726257,0.3193871047150853,0.04696425795555115
han,S01005,toc,365,0.29742370894417225,-0.09054386366418377,0.7671232876712328,0.8465753424657534,0.4582601863957892,0.060462385416030884
han,S01005,tp,370,-0.4261873103526743,-0.8009331892410037,0.772972972972973,0.8027027027027027,0.051053682341330134,0.0014050791247023475
han,S01006,do,398,0.19014978160610307,0.14447197295219394,0.8291457286432161,0.7964824120603015,1.018383704942571,0.27074670791625977
han,S01006,toc,393,0.48667014140003306,0.3891969259477617,0.7531806615776081,0.8091603053435115,0.4753441559826672,0.0558495819568634
han,S01007,do,334,0.7796213068150952,0.7830056334623197,0.7035928143712575,0.7994011976047904,0.8640107186277004,0.18114537994066904
han,S01007,tn,310,0.7233685473706564,0.6304768828966898,0.7354838709677419,0.8193548387096774,0.32071191300523244,0.08281189203262329
han,S01007,toc,292,0.6451726716776601,0.6597461952813563,0.7568493150684932,0.8184931506849316,0.37423797752731225,0.07049650698900223
han,S01007,tp,323,0.14152975189950212,0.021015288357813966,0.7461300309597523,0.8111455108359134,0.007430510649176415,0.0009175283238150632
han,S01009,do,390,0.8547804122943815,0.8621908626944106,0.8179487179487179,0.8333333333333334,0.9391445555676807,0.22620530561967378
han,S01009,toc,371,0.6231517113409314,0.5586308953572634,0.8059299191374663,0.816711590296496,0.47294333084425244,0.1302157109198363
han,S01010,chl-a,384,0.4387912962316791,0.38492463197488125,0.8177083333333334,0.8020833333333334,2.738491225297148,0.3350956092278161
han,S01010,do,420,0.809021128912021,0.729576657922254,0.8595238095238096,0.8095238095238095,0.9154290878786444,0.278396586577097
han,S01010,tn,420,0.3171874617765964,0.19688644476016526,0.8142857142857143,0.7880952380952381,0.1463497817936198,0.022792957045815188
han,S01010,toc,411,0.06779800286909887,-0.19885135306319768,0.8077858880778589,0.8126520681265207,0.20200872784398283,0.03866344690322876
han,S01010,tp,409,0.6543953974664767,0.6771897298711151,0.8777506112469438,0.8166259168704156,0.003785594730754809,0.0005091835201407472
han,S01011,chl-a,377,0.6321215742280123,0.5886013503716818,0.6684350132625995,0.8010610079575596,5.4407080485465,0.23176324367523193
han,S01011,do,381,0.7557392977026137,0.7035131053661138,0.7585301837270341,0.8031496062992126,1.029596780223339,0.253244549036026
han,S01011,toc,343,0.7087134824378167,0.6746114520269666,0.8279883381924198,0.8396501457725948,0.40297649697957094,0.08855758110682155
han,S01012,chl-a,394,0.61483430928824,0.5684767670711313,0.7030456852791879,0.7868020304568528,10.613165569586155,0.6269386808077497
han,S01012,do,393,0.8182686442560091,0.8017884276584333,0.7073791348600509,0.7811704834605598,0.724287815717288,0.12683620452880895
han,S01012,tn,396,0.6519213393539549,0.6167152273747305,0.8005050505050505,0.8383838383838383,0.14750104622428936,0.024957679212093353
han,S01012,toc,387,0.7522312684446173,0.7691774895073434,0.7441860465116279,0.8036175710594315,0.33320308928025555,0.02975578930066969
han,S01012,tp,343,0.8366090148568499,0.8480984664165481,0.8221574344023324,0.8221574344023324,0.006473395065840196,0.0003076240924807889
han,S01013,do,412,0.7432594380709108,0.7071474754253539,0.9004854368932039,0.8058252427184466,1.0700102470898383,0.291039715210597
han,S01013,toc,340,0.199987201182395,0.028128716743198612,0.7529411764705882,0.8294117647058824,1.0502174715650099,0.4026161630948384
han,S01014,chl-a,337,0.4345040006292139,0.4299037167994577,0.8249258160237388,0.8071216617210683,0.9368314287928208,0.1255011955897012
han,S01014,do,339,0.9349173350382487,0.9356479651817828,0.7964601769911505,0.7817109144542773,0.5123509608318133,0.11409350236256977
han,S01014,tn,292,0.1698893323561398,0.1016105272353891,0.6815068493150684,0.863013698630137,0.4650417214170447,0.09128344555695844
han,S01014,toc,322,0.8861451885598916,0.8822638568241191,0.6832298136645962,0.7857142857142857,0.10636848119826729,0.008583135096541683
han,S01014,tp,313,0.6530072840052061,0.6744208370613942,0.7795527156549521,0.8019169329073482,0.005960795666809136,0.0004334318291512316
han,S01015,do,404,0.8719179451650602,0.8726597149824737,0.7772277227722773,0.7896039603960396,0.7086659491627005,0.14395288626352976
han,S01015,tn,381,0.489630189975783,0.43372842683467205,0.7611548556430446,0.7979002624671916,0.45223344448565944,0.046320100625355964
han,S01015,toc,349,0.11265634049257456,-0.38072073026253883,0.7535816618911175,0.8137535816618912,0.7478148970637611,0.043323998649914985
han,S01015,tp,341,0.07533519077008732,-0.22794352489270842,0.7888563049853372,0.8299120234604106,0.007331174185519002,0.0007149242058706777
han,S01016,do,382,0.8232561422839348,0.798734738196117,0.7670157068062827,0.7774869109947644,1.0360180887834214,0.21586644649505615
han,S01016,tn,379,0.8156636014423918,0.8005402988636704,0.7757255936675461,0.8073878627968337,0.44539278660166143,0.08752528480861521
han,S01016,toc,376,0.5273797118785082,0.7113861282475578,0.7313829787234043,0.8218085106382979,0.8186470890291582,0.1588893623063058
han,S01016,tp,373,0.1766525821593039,0.0654403736701964,0.8123324396782842,0.8230563002680965,0.013100061020723941,0.0025874392672752353
han,S01017,do,277,0.13920130895306582,-0.16111010671130122,0.8628158844765343,0.8014440433212996,0.9714035804162061,0.2631020446618395
han,S01017,tn,221,0.27236988291385267,0.038028266700195656,0.751131221719457,0.7963800904977375,0.6921816071445144,0.18860270579655936
han,S01017,toc,214,0.16275140422961565,-0.19586739973759215,0.7476635514018691,0.7990654205607477,1.313209366129116,0.37698237101236964
han,S01017,tp,225,-0.34137357382489997,-0.3446567574460928,0.7066666666666667,0.8133333333333334,0.03259097128231169,0.0030125242192298174
han,S01018,do,363,0.8791360819812721,0.8752018259467329,0.7630853994490359,0.8154269972451791,0.7015654278737122,0.17930724404074994
han,S01018,tn,356,0.7188766587830516,0.7073843047721142,0.7134831460674157,0.8117977528089888,0.2559485739557136,0.046576688687006484
han,S01018,toc,345,0.591302703375531,0.5175948683873841,0.7188405797101449,0.8144927536231884,0.23637329053215062,0.04234087963898969
han,S01018,tp,348,0.20904857987049075,0.17188241116240233,0.7701149425287356,0.7988505747126436,0.0072441323893883604,0.00047542496273914915
han,S01019,do,322,0.7939559869526543,0.7627814933390542,0.7484472049689441,0.8074534161490683,0.8400072419028763,0.13489651679992676
han,S01019,tn,305,0.3432137638124083,0.20556995404965261,0.7836065573770492,0.819672131147541,0.24311359149159037,0.044811051338911057
han,S01019,toc,318,0.05584862499774279,-0.20325044695933303,0.7232704402515723,0.8018867924528302,0.24338390143369606,0.030239605090834898
han,S01019,tp,311,0.33904695558689013,0.1700744703956416,0.8263665594855305,0.7909967845659164,0.003585281034090348,0.000366564083378762
han,S01020,chl-a,413,0.6342009516604169,0.6146616521768007,0.7215496368038741,0.8401937046004843,8.622771821511215,0.561224315202598
han,S01020,do,394,0.5154063698942676,0.49396243872327894,0.7309644670050761,0.8020304568527918,1.205739610798252,0.17588849501176362
han,S01020,tn,399,0.6952981570455544,0.6470970256847017,0.7593984962406015,0.8195488721804511,0.2807780103699682,0.04905027286572894
han,S01020,toc,371,0.054652600369408444,0.1492719208814255,0.7547169811320755,0.8113207547169812,0.25463644554091525,0.05404949188232422
han,S01020,tp,394,0.10256883009612783,-0.23890339455902643,0.7842639593908629,0.8223350253807107,0.018528857360647362,0.0011190018461396285
han,S01021,chl-a,349,0.2736278890894033,0.06737839475487328,0.7621776504297995,0.7965616045845272,2.5749796938821468,0.4309179335832596
han,S01021,do,371,0.8417407172727146,0.8088767654724116,0.8194070080862533,0.8086253369272237,0.8306640827767716,0.21885303656260113
han,S01021,tn,361,0.7180418112871445,0.7093455885751704,0.7673130193905817,0.8282548476454293,0.40971420644827483,0.05493199711754215
han,S01021,toc,333,0.6435536395146267,0.5819507877492928,0.7717717717717718,0.7807807807807807,0.3276631646898379,0.059945255517959595
han,S01021,tp,353,0.2216329468048318,0.22306627989334382,0.7337110481586402,0.830028328611898,0.02634560852848228,0.0009939067531377077
han,S01022,chl-a,364,0.3220620068567712,0.16345222405416826,0.7225274725274725,0.8296703296703297,7.773212756918591,1.1321377132249921
han,S01022,do,360,0.5115434043037038,0.4135712755028066,0.8472222222222222,0.8194444444444444,1.1722085576869365,0.31408766905466745
han,S01022,tn,358,0.603443290692197,0.5515500278780987,0.7597765363128491,0.8212290502793296,1.0120446992301162,0.19090536366338284
han,S01022,toc,331,0.8887828182265249,0.8951769255654269,0.8277945619335347,0.7915407854984894,0.5482880993309015,0.10698632399241115
han,S01022,tp,341,0.41680873302497945,0.38724878894510417,0.8299120234604106,0.8035190615835777,0.03787286555830827,0.007817347844441741
han,S01023,chl-a,346,0.6149811651558604,0.5267934631372004,0.6936416184971098,0.791907514450867,28.304041048382707,1.3478590475790435
han,S01023,do,354,0.5200218375309356,0.48646714722392703,0.7796610169491526,0.8135593220338984,1.3788340432588067,0.2605506181716919
han,S01023,tn,339,0.8046599638809963,0.7662028458903812,0.7050147492625368,0.7817109144542773,0.6378121982743673,0.08376903967423832
han,S01023,toc,332,0.629120879496647,0.5690509286651008,0.7831325301204819,0.8072289156626506,0.7426594718685812,0.1581070082528253
han,S01023,tp,345,-0.059764234670708793,-0.4453986766595037,0.7652173913043478,0.8,0.041185270102904674,0.004104486356178917
nak,S02001,chl-a,422,-0.24590580792405503,-0.3487831172592861,0.8601895734597157,0.8459715639810427,0.6088574677996239,0.04211818088184671
nak,S02001,do,427,0.39716275935368117,0.3094851736734159,0.775175644028103,0.8313817330210773,1.599645274518385,0.20583585898081402
nak,S02001,toc,413,0.11306863536531842,-0.08176067628405481,0.7627118644067796,0.8062953995157385,1.7202156540944373,0.166053143414584
nak,S02002,chl-a,354,0.4714525123956168,0.28361429991993303,0.7090395480225988,0.8163841807909604,10.232933806809822,1.030057032903036
nak,S02002,do,348,0.7275310880433183,0.7159946769202772,0.7327586206896551,0.8045977011494253,1.4967339101872936,0.24375139583240824
nak,S02002,tn,322,0.586142619480368,0.5904701398478537,0.6987577639751553,0.8074534161490683,0.3250833626595924,0.06308565537134814
nak,S02002,toc,327,0.5548068706114249,0.5861114454220836,0.8012232415902141,0.8073394495412844,0.5150790229620101,0.08030132272026758
nak,S02002,tp,336,0.640075472057138,0.5950507113049266,0.7946428571428571,0.7827380952380952,0.013429937378016421,0.0017946846783161163
nak,S02003,chl-a,387,0.265416215397268,0.2273200277130063,0.8217054263565892,0.8268733850129198,5.514538821577606,0.6635847291436752
nak,S02003,do,284,0.6858066680168526,0.6298648367647786,0.75,0.8274647887323944,1.207780224844982,0.18251531020454692
nak,S02003,toc,405,0.4586042887745748,0.45850352177449183,0.7506172839506173,0.782716049382716,0.6042571296521035,0.07748192052046465
nak,S02004,chl-a,159,0.4120822573908476,0.2634311773259025,0.8238993710691824,0.8427672955974843,5.6975971238494445,1.0307139615296368
nak,S02004,do,182,0.5278885468776148,0.3532214390237396,0.8076923076923077,0.8461538461538461,1.3901928352817277,0.35385386567366783
nak,S02004,toc,173,0.1632527692978999,0.09224102806787349,0.7630057803468208,0.8208092485549133,0.9216865974263404,0.21088067293167123
nak,S02005,chl-a,404,0.5426821922741938,0.473491930853533,0.7599009900990099,0.8242574257425742,13.411107959976928,1.6233490705490121
nak,S02005,do,403,0.4951155604996246,0.4673092397763512,0.7444168734491315,0.749379652605459,1.584741690856927,0.2134077548980713
nak,S02005,tn,389,0.5672174441606734,0.576177311357126,0.7660668380462725,0.8200514138817481,0.46802395928058743,0.09122323989868164
nak,S02005,toc,377,0.5254036897033536,0.5301374893766881,0.7824933687002652,0.7771883289124668,0.5972130284687893,0.09323504567146301
nak,S02005,tp,363,0.5263213902482131,0.48085409601617823,0.7245179063360881,0.8181818181818182,0.020053799851693862,0.00176413826799641
nak,S02006,chl-a,422,0.3610569478028749,0.30811063971006625,0.6919431279620853,0.8222748815165877,17.733480678904158,1.9553618449153323
nak,S02006,do,419,0.6651446322071624,0.6017015818827935,0.7231503579952268,0.7899761336515513,1.3275347823235832,0.1759089231491089
nak,S02006,tn,389,0.7029004216827778,0.6582194739866489,0.6760925449871465,0.7994858611825193,0.3919407510551539,0.060531357924143325
nak,S02006,toc,358,0.6316886298625983,0.6322479138176675,0.8072625698324022,0.8072625698324022,0.4278653750945414,0.08843364498832029
nak,S02006,tp,367,0.5686410983919833,0.5693199783788117,0.7520435967302452,0.8256130790190735,0.011692732021449723,0.0010121021081100808
nak,S02007,chl-a,418,0.3838471753840552,0.27898131892663924,0.7942583732057417,0.8301435406698564,18.462825230084125,2.228607313973562
nak,S02007,do,432,0.7182774358356421,0.6754809977391343,0.7337962962962963,0.8101851851851852,1.3345293279024542,0.25032242861661125
nak,S02007,toc,428,0.17568781242570386,-0.04914448851594022,0.8411214953271028,0.8084112149532711,0.55538036949244,0.12418985366821289
nak,S02008,chl-a,417,0.8861186362731663,0.9056504637551478,0.9256594724220624,0.8465227817745803,0.38754615727444053,0.07578821976979544
nak,S02008,do,410,0.6428213997937471,0.5951765857387068,0.7658536585365854,0.802439024390244,1.42109635897051,0.24462483326593976
nak,S02008,toc,408,0.6312700506268603,0.6666393690626609,0.7671568627450981,0.8088235294117647,0.3915692179083959,0.05687167247136449
nak,S02009,chl-a,298,0.659573825664706,0.6122524979022932,0.7684563758389261,0.8087248322147651,8.8722428271667,1.8342540264129639
nak,S02009,do,306,0.8022604468022596,0.7528174616863884,0.7712418300653595,0.7973856209150327,1.133966956715287,0.2338073149971338
nak,S02009,tn,263,0.8127421169900242,0.8474514781615896,0.6311787072243346,0.779467680608365,0.2788898519065102,0.0438026090463004
nak,S02009,toc,293,0.6460537024946484,0.6674127046312062,0.7372013651877133,0.8225255972696246,0.5738074648893123,0.09949439764022827
nak,S02009,tp,209,0.7426568593714891,0.6056056094904034,0.7320574162679426,0.84688995215311,0.009698771850813609,0.0012470779474824667
nak,S02010,do,292,0.7272563553381703,0.6774159173952653,0.8493150684931506,0.821917808219178,1.1975482846464143,0.19476090306821092
nak,S02010,toc,390,0.2557068584411195,0.12077066178913431,0.8076923076923077,0.8051282051282052,1.0266399308715881,0.21979532639185573
nak,S02011,chl-a,344,0.022884436509061912,-0.6161936365136218,0.7703488372093024,0.8255813953488372,3.8614842532883347,0.6374216310602301
nak,S02011,do,357,0.8166000452138804,0.79862258243705,0.7647058823529411,0.8095238095238095,0.9052093538916302,0.165053129196167
nak,S02011,toc,352,0.4731311615080196,0.35137651300670325,0.6960227272727273,0.8210227272727273,0.6136784635124148,0.10864773651827919
nak,S02012,chl-a,382,0.5737277015112481,0.5499145762821492,0.756544502617801,0.8089005235602095,9.068494555235059,1.0676502982775364
nak,S02012,do,430,0.8609181170796403,0.8466311606289515,0.7767441860465116,0.8,0.9499641134228295,0.17055098215738873
nak,S02012,toc,423,0.5470608348011521,0.5278331419079735,0.7612293144208038,0.7825059101654847,0.5922057855741126,0.08228625681089319
nak,S02013,chl-a,429,0.2582108941582649,0.035457060939526275,0.8251748251748252,0.8275058275058275,0.8922497511938651,0.09720055262247662
nak,S02013,do,434,0.8015942991271443,0.757914651646638,0.7788018433179723,0.8248847926267281,0.8972894705412345,0.17530548572540283
nak,S02013,toc,432,0.15139906470967157,0.10340801150820444,0.7546296296296297,0.7916666666666666,0.3847827648555926,0.05778383711973811
nak,S02014,chl-a,328,0.5782879376164861,0.561956408454361,0.7896341463414634,0.8262195121951219,0.6023403042099593,0.10493357976277728
nak,S02014,do,321,0.5604864623918179,0.5259135458573626,0.6915887850467289,0.8006230529595015,1.040703956411712,0.18304090499878
nak,S02014,tn,309,0.49933506716524045,0.41764131115812886,0.7346278317152104,0.8220064724919094,0.46037341094400774,0.07428598629705829
nak,S02014,toc,305,0.0706060172628914,-0.2239498540559357,0.7081967213114754,0.8,0.6849945513652813,0.09442856907844543
nak,S02014,tp,302,0.08844571984150607,-0.6512286359089225,0.8013245033112583,0.8311258278145696,0.008034218457720343,0.0005302966649954523
nak,S02015,chl-a,364,0.32086561456475005,0.21595640148187145,0.7554945054945055,0.8076923076923077,11.950180055913927,1.5279501590175908
nak,S02015,do,244,0.684947350660236,0.6196375287070058,0.7131147540983607,0.7950819672131147,1.2392568992903663,0.20244789123535156
nak,S02015,tn,368,0.4316815351042236,0.43196004827779666,0.7065217391304348,0.779891304347826,0.4103455307065418,0.04283871975812037
nak,S02015,toc,361,0.0721610084439801,0.1028203238953278,0.775623268698061,0.7700831024930748,0.77712747278783,0.11942555507024122
nak,S02015,tp,357,0.5481014456730451,0.5807531783092577,0.8319327731092437,0.8067226890756303,0.013061675185779312,0.0008074859778086328
nak,S02017,chl-a,432,0.3891520433533261,0.38145994126633864,0.6967592592592593,0.8240740740740741,19.37873647266616,1.9367944399515782
nak,S02017,do,305,0.5642467700966223,0.5312119511109968,0.7475409836065574,0.8,1.2881644852386847,0.19894132406815235
nak,S02017,tn,375,0.796194375325894,0.7664152853173022,0.6773333333333333,0.824,0.36903844797339896,0.06320252517859148
nak,S02017,toc,385,0.6436180896656726,0.6940657857309054,0.7792207792207793,0.8103896103896104,0.4025568753799695,0.0850195129712421
nak,S02017,tp,391,0.6966442373722108,0.6945631710638688,0.8260869565217391,0.7774936061381074,0.01466442644489377,0.002210378596454343
nak,S02018,do,315,0.7748491023104075,0.726830285709732,0.7904761904761904,0.8,0.8172674938218603,0.16774710019429495
nak,S02018,tn,286,0.6688989134792629,0.6869801574273862,0.6923076923076923,0.8146853146853147,0.19268375206193292,0.03355460365613294
nak,S02018,toc,305,0.09070204859626085,0.015205434669301132,0.7245901639344262,0.8131147540983606,0.4711949169877047,0.07121695826450991
nak,S02018,tp,309,0.22099811964470872,0.4359222937764612,0.7346278317152104,0.8155339805825242,0.0039033216733685176,0.00022442071672735945
nak,S02019,do,428,0.36647095331736057,0.2822460899873418,0.7967289719626168,0.8200934579439252,1.0784671578946388,0.24454290668169687
nak,S02019,toc,343,0.33430194853218986,0.13099985462918018,0.7259475218658892,0.793002915451895,1.0655217737278149,0.3282548210759093
nak,S02020,chl-a,367,0.18407815008786643,-0.06149524552287566,0.7411444141689373,0.8119891008174387,11.961933441213356,1.3071152058200566
nak,S02020,do,369,0.8023448176467552,0.7603372376944721,0.7669376693766937,0.8102981029810298,1.3406873711511846,0.2468025286992397
nak,S02020,tn,361,0.37489003087246064,0.3209073897402078,0.6925207756232687,0.8116343490304709,0.5370267370130543,0.06320532885464747
nak,S02020,toc,376,0.31899814110884017,0.16411694219985873,0.7446808510638298,0.824468085106383,0.5626243884695944,0.06823124488194798
nak,S02020,tp,363,0.4715655311808208,0.4628189032545508,0.7933884297520661,0.8071625344352618,0.0140347309510615,0.0013801260729846762
nak,S02021,chl-a,431,-0.04863549975218162,-0.26424255047727585,0.7540603248259861,0.8283062645011601,9.624920963386497,1.1003637728483753
nak,S02021,do,307,0.6977434512376015,0.6268950104643314,0.7068403908794788,0.8306188925081434,1.4158097875282365,0.22893273830413818
nak,S02021,tn,424,0.2293359541942388,0.17640795338082793,0.7051886792452831,0.785377358490566,0.6718327125186534,0.05533155798912048
nak,S02021,toc,386,0.49159509839451865,0.41374280380357253,0.7383419689119171,0.8290155440414507,0.7991041374773915,0.09176535818023956
nak,S02021,tp,420,0.20470291427692944,-0.39715319763281687,0.7928571428571428,0.7738095238095238,0.026650013655428215,0.0013172028120607138
nak,S02022,chl-a,407,-0.018463227932500104,-0.2468407684374927,0.6953316953316954,0.8329238329238329,18.046851214745963,1.3405412608298697
nak,S02022,do,427,0.6184856818889406,0.5667376171745266,0.7400468384074942,0.819672131147541,1.4582819473927102,0.23913784649061132
nak,S02022,tn,421,0.5371127626120503,0.5863497028365262,0.6128266033254157,0.8218527315914489,0.3829926583431236,0.06277207533518481
nak,S02022,toc,417,0.4605988704902648,0.3345727528670961,0.7577937649880095,0.8321342925659473,0.6131662716080447,0.05243017276128148
nak,S02022,tp,407,0.27892874966733483,0.2973282779555354,0.7371007371007371,0.7960687960687961,0.015886957489484495,0.0009787570064266511
nak,S02023,chl-a,394,0.2849514728203151,0.25845025325064697,0.6421319796954315,0.8248730964467005,9.585359045006227,0.37449322403341134
nak,S02023,do,395,0.8707244768509161,0.8719824437696532,0.6835443037974683,0.8151898734177215,1.1427176941282349,0.12008794148762991
nak,S02023,tn,375,0.4317912743165929,0.37870273300330315,0.736,0.8186666666666667,0.3274628208287477,0.046845135458728815
nak,S02023,toc,402,0.5721097839811772,0.5798429851886806,0.7711442786069652,0.8134328358208955,0.5429575485456075,0.04075265924135829
nak,S02023,tp,341,0.0866532633326842,0.037279688014566825,0.7155425219941349,0.8211143695014663,0.014092154723785262,0.00043921669324239153
nak,S02024,chl-a,385,0.7811626621370326,0.724739955898143,0.7636363636363637,0.8077922077922078,0.18582312117409341,0.014444299366163094
nak,S02024,do,388,0.7711364584412528,0.7154610716639132,0.788659793814433,0.8067010309278351,1.2271953979228514,0.20404288172721863
nak,S02024,tn,387,0.8678479082332039,0.8545670855372018,0.6925064599483204,0.8113695090439277,0.44800192176968184,0.06906387209892273
nak,S02024,toc,384,0.42169576484599136,0.4432279140862798,0.78125,0.7760416666666666,0.37312988831129285,0.06242225567499804
nak,S02024,tp,380,0.29253472234424005,0.09395920086540921,0.7684210526315789,0.7947368421052632,0.022041832028928777,0.0019284082310540365
yeong,S04001,chl-a,400,0.5971876449298437,0.5538761733493596,0.7775,0.83,4.603672394726056,0.5940446456273403
yeong,S04001,do,394,0.8483649451140789,0.8435171781508122,0.6878172588832487,0.8147208121827412,0.9010852595962062,0.17493723829587315
yeong,S04001,tn,385,0.7618631074493317,0.7819631895622983,0.8337662337662337,0.8077922077922078,0.11215643135388294,0.01054911052479468
yeong,S04001,toc,378,0.6459430237714898,0.6299792613730697,0.7380952380952381,0.8359788359788359,0.16647422343439094,0.02623532960812247
yeong,S04001,tp,381,0.3574673814074394,0.3058069641534028,0.7664041994750657,0.863517060367454,0.003535736915561946,0.00047365655579293797
yeong,S04002,chl-a,397,0.5279929345595189,0.3863137244673396,0.7027707808564232,0.8110831234256927,37.7642844521968,5.790791262751039
yeong,S04002,do,376,0.37767232582879984,0.21183971272830193,0.6861702127659575,0.7898936170212766,2.887995912415531,0.5876436460585825
yeong,S04002,tn,394,0.7596042631165605,0.7189950426541248,0.6802030456852792,0.817258883248731,0.9449433948524797,0.17030856013298035
yeong,S04002,toc,404,0.3259837168751559,0.3365022447819266,0.7475247524752475,0.8217821782178217,0.7198750839505231,0.15456242031521228
yeong,S04002,tp,385,0.32270251034705444,0.26303753603669855,0.6805194805194805,0.7922077922077922,0.03910984052171847,0.00604591655234496
yeong,S04003,chl-a,404,0.646311501725082,0.6304707275294612,0.7301980198019802,0.7920792079207921,11.567290349356641,0.6696598529815674
yeong,S04003,do,405,0.5658198817478328,0.5147976502712399,0.8197530864197531,0.7901234567901234,2.009146572134927,0.44132552360710875
yeong,S04003,toc,380,0.2830955400562556,0.16450766438612308,0.7605263157894737,0.8263157894736842,1.054200128072658,0.24245861624226395
yeong,S04004,chl-a,414,0.5974605212151851,0.5450331140504907,0.8236714975845411,0.7632850241545893,7.865151043069801,1.2939178148905448
yeong,S04004,do,419,0.7302990022700884,0.7172322757844745,0.6945107398568019,0.7899761336515513,0.9560680470194162,0.1587727510410808
yeong,S04004,tn,397,0.7599679401419698,0.750564766860331,0.760705289672544,0.8337531486146096,0.23565710420116615,0.03728846708933509
yeong,S04004,toc,401,0.8441403793394658,0.8382308755561141,0.7855361596009975,0.7955112219451371,0.2982590319327326,0.04671497868769081
yeong,S04004,tp,383,0.657118796098267,0.6574084717085981,0.8067885117493473,0.793733681462141,0.003653158046896002,0.00036507567953473607
yeong,S04005,chl-a,169,0.02781858574955376,-0.06265338185311964,0.7337278106508875,0.7928994082840237,32.6338574413838,6.229054824165672
yeong,S04005,do,164,-0.07448044066598802,-0.2607729778073644,0.6951219512195121,0.774390243902439,3.3429103987769433,0.597163836161295
yeong,S04005,tn,151,0.01683398465978192,-0.01174309584197486,0.5960264900662252,0.8013245033112583,1.670256993008026,0.19915205240249634
yeong,S04005,toc,142,0.13103948637088847,0.2825187986411336,0.7535211267605634,0.7535211267605634,1.016121903657624,0.24255721767743443
yeong,S04005,tp,147,-0.5212912766318356,-1.1095781194112315,0.6394557823129252,0.8027210884353742,0.08051567362950515,0.00947295011871535
yeong,S04006,do,360,0.8459042800788255,0.83817135366727,0.7083333333333334,0.8166666666666667,0.8237467327778847,0.1736036241054535
yeong,S04006,tn,351,0.7679094932285808,0.7302278891288054,0.7236467236467237,0.7948717948717948,0.23804867732141258,0.043466832902696595
yeong,S04006,toc,347,0.7369265712662655,0.6856074955598191,0.729106628242075,0.8184438040345822,0.3503069100664425,0.056178387367364246
yeong,S04006,tp,353,0.7280073515169505,0.7166561666725926,0.7450424929178471,0.8101983002832861,0.01074482042739279,0.001498897870381672
yeong,S04007,chl-a,432,0.49006904936827567,0.4094294944457396,0.8472222222222222,0.8194444444444444,2.963907030651973,0.46847208340962787
yeong,S04007,do,387,0.7339952922770321,0.6917397514106248,0.7312661498708011,0.7906976744186046,0.7360886433238668,0.11414787895751699
yeong,S04007,tn,406,0.444856201259352,0.36841304113769213,0.8029556650246306,0.812807881773399,0.17314802200790538,0.028996612012818224
yeong,S04007,toc,331,0.5830480332459629,0.47726344340305327,0.770392749244713,0.8126888217522659,0.21913785658970192,0.03910350799560547
yeong,S04007,tp,418,0.6582171197150317,0.553259045638486,0.8516746411483254,0.7990430622009569,0.006727033099963543,0.0005970651594301071
yeong,S04008,chl-a,418,0.2987745457860289,0.2673960348840284,0.7464114832535885,0.8181818181818182,17.78302644690205,0.9947076241175346
yeong,S04008,do,421,0.7000606546837478,0.6721301639897158,0.7030878859857482,0.7980997624703088,1.0054052741295196,0.15528587500254254
yeong,S04008,tn,408,0.8380395942333417,0.851866212213309,0.8602941176470589,0.8112745098039216,0.14622079764334237,0.025259852409362793
yeong,S04008,toc,414,0.4896432244685547,0.4122618536781023,0.7995169082125604,0.8115942028985508,0.263253634775556,0.029502101782439394
yeong,S04008,tp,404,0.5918913541983994,0.5640097398085409,0.7970297029702971,0.7846534653465347,0.0019947164646866382,0.00029418234286519417
yeong,S04009,chl-a,399,0.5558504342341122,0.4467685165902021,0.6641604010025063,0.7919799498746867,10.5614320233957,1.6147638992829765
yeong,S04009,do,391,0.7130672334834838,0.6597124388548008,0.7647058823529411,0.8132992327365729,1.8057744037796215,0.3740774989128113
yeong,S04009,tn,385,0.3866661632649372,0.2516233436184979,0.7090909090909091,0.8077922077922078,0.44750250060715285,0.07383696656478067
yeong,S04009,toc,362,0.47442050291816484,0.37352292513715,0.7707182320441989,0.8066298342541437,0.7628551137687049,0.12687922517458627
yeong,S04009,tp,384,0.33699150503502895,0.1603469897408356,0.7291666666666666,0.8125,0.03161318173947354,0.003810443915426731
