mode,river,station,target,nse,rmse,mae,crps,cov80,cov90,calib,n
zs512,han,S01001,do,0.8468811991500511,0.7442653052724164,0.5599794827594871,0.3179171231869661,0.7758186397984886,0.8967254408060453,0.03472472112270599,397
zs512,han,S01001,toc,0.7263730423101055,0.1758369395128224,0.12131547655359573,0.08202380629624383,0.8324607329842932,0.8821989528795812,0.02064323111443531,382
zs512,han,S01001,tn,0.6826081368540716,0.17034638979909203,0.11188330999739267,0.068598193770288,0.7938144329896907,0.884020618556701,0.017746686303387334,388
zs512,han,S01001,tp,0.29053944122933084,0.0024891117151476707,0.0015745559428670122,0.0010223940007405563,0.860655737704918,0.8989071038251366,0.03871975019516002,366
zs512,han,S01001,chl-a,0.3582380636677289,8.350419978280366,4.381133540545975,2.7535625864335027,0.8004926108374384,0.8940886699507389,0.054539057002111195,406
zs512,han,S01002,do,0.5463643549975419,1.2897769361570643,0.9138388335519638,0.5533310687500901,0.76657824933687,0.8779840848806366,0.02516104585070102,377
zs512,han,S01002,toc,0.7011265618803709,0.39403291570525684,0.22852734958076654,0.15339389221873967,0.7335243553008596,0.833810888252149,0.06037658616455176,349
zs512,han,S01002,tn,0.39051958811334453,0.43561543258768143,0.34107803150867244,0.20609504959473476,0.7857142857142857,0.8975155279503105,0.017746228926353146,322
zs512,han,S01002,tp,-0.052105845564899944,0.03137294524542581,0.016511870260747293,0.011574020449154373,0.7256637168141593,0.8023598820058997,0.03952802359882005,339
zs512,han,S01002,chl-a,0.6821812259600996,12.073708605062597,5.744721408203796,3.749238508197577,0.7433862433862434,0.8597883597883598,0.03287981859410431,378
zs512,han,S01003,do,0.40798218613536874,1.363018383198593,1.0088536301224302,0.6036837979457301,0.8525345622119815,0.9400921658986175,0.02080315997366691,434
zs512,han,S01003,toc,0.5986819892572379,0.35853209958754345,0.2455713819382864,0.15963611249381235,0.8018433179723502,0.8963133640552995,0.023370638578011842,434
zs512,han,S01003,chl-a,0.6733080368215254,33.64968826903419,17.43959615723496,11.272175375866135,0.6553398058252428,0.7912621359223301,0.05908460471567266,412
zs512,han,S01004,do,0.769733566411076,1.071712815750839,0.789910572262902,0.4615742793185853,0.7570754716981132,0.8844339622641509,0.02216981132075469,424
zs512,han,S01004,toc,0.2897349472149314,0.3456557997701509,0.21770535397377472,0.13933750314437507,0.8226950354609929,0.9125295508274232,0.02110773387369131,423
zs512,han,S01005,do,0.7738968088544851,0.993805197143035,0.7330060349191728,0.44100927864864264,0.7955665024630542,0.9064039408866995,0.050316678395496126,406
zs512,han,S01005,toc,0.31937918456630654,0.4510430505946113,0.23502705274425623,0.16830655408119388,0.7917808219178082,0.8821917808219178,0.023287671232876707,365
zs512,han,S01005,tn,0.5333140954847346,0.3338146625828171,0.23565456340383537,0.14362107690875855,0.7681564245810056,0.888268156424581,0.013407821229050269,358
zs512,han,S01005,tp,0.02554847574700725,0.04220062738142032,0.011651786327038071,0.009761656815467893,0.8189189189189189,0.8918918918918919,0.03359073359073357,370
zs512,han,S01005,chl-a,0.27380535018973995,4.819147138830027,2.927301986752755,1.7863940718103097,0.7585365853658537,0.9024390243902439,0.025783972125435522,410
zs512,han,S01006,do,0.11372744899921194,1.06535105233817,0.8187512298370764,0.4952480454565283,0.8668341708542714,0.9547738693467337,0.02778176597272075,398
zs512,han,S01006,toc,0.4623630941800597,0.4864681732992682,0.2588465423990616,0.18052936922495727,0.7837150127226463,0.8829516539440203,0.01762995274445656,393
zs512,han,S01007,do,0.7347711394776699,0.9478611391943972,0.7228928911263515,0.43780934188972653,0.7275449101796407,0.8682634730538922,0.04559452523524378,334
zs512,han,S01007,toc,0.6352234409833402,0.37944845422206586,0.2540562762679206,0.16015650377606408,0.7808219178082192,0.8938356164383562,0.01908023483365948,292
zs512,han,S01007,tn,0.6839877552500777,0.34278062720752,0.2673588830716005,0.16343330371667422,0.7838709677419354,0.9096774193548387,0.052534562211981564,310
zs512,han,S01007,tp,0.07633415964318413,0.007707499016347052,0.004736781761020936,0.003045755787923755,0.7678018575851393,0.8575851393188855,0.03812472357363996,323
zs512,han,S01009,do,0.8296961082078734,1.0170261780864878,0.7631921470377806,0.4792588598111241,0.8128205128205128,0.9282051282051282,0.021611721611721618,390
zs512,han,S01009,toc,0.6061339499881149,0.48350403839245426,0.33968638205633117,0.21662987295760305,0.8490566037735849,0.921832884097035,0.028224874855602607,371
zs512,han,S01010,do,0.794353854183724,0.949931598756516,0.7035951356006717,0.42650452614200063,0.8690476190476191,0.95,0.037074829931972794,420
zs512,han,S01010,toc,0.028632428625451123,0.20620866921271552,0.1417840649182018,0.0881676209076679,0.8223844282238443,0.9124087591240876,0.010948905109489053,411
zs512,han,S01010,tn,0.21264436822622912,0.15715449402506756,0.09557984492054741,0.05963341902930565,0.8380952380952381,0.9333333333333333,0.023809523809523808,420
zs512,han,S01010,tp,0.6102579730850769,0.004020064113388759,0.002435175962827033,0.0015317468700207838,0.9046454767726161,0.9388753056234719,0.04460356269647224,409
zs512,han,S01010,chl-a,0.432831866111803,2.7529927384698785,1.5086311654523359,0.9529634451292672,0.84375,0.9244791666666666,0.038244047619047615,384
zs512,han,S01011,do,0.7275722545442501,1.0873416986643427,0.8450611240546629,0.5056492376039878,0.7769028871391076,0.910761154855643,0.022647169103862042,381
zs512,han,S01011,toc,0.7086434622477498,0.40302492832418496,0.2766122826630142,0.1808017958669181,0.8571428571428571,0.8979591836734694,0.027530195751770094,343
zs512,han,S01011,chl-a,0.5737533482884682,5.856440733149029,2.8356494937738947,1.8498797444327908,0.6816976127320955,0.8249336870026526,0.04334975369458127,377
zs512,han,S01012,do,0.8053522484759243,0.7495850940927917,0.5553449352739849,0.3435897373492071,0.7659033078880407,0.8854961832061069,0.017484551072337318,393
zs512,han,S01012,toc,0.7478012915705354,0.3361686418893752,0.1964119096321717,0.1242422180485918,0.772609819121447,0.8552971576227391,0.023181985972683648,387
zs512,han,S01012,tn,0.6352825638174867,0.15098529933531465,0.11157682245981629,0.07005098771528535,0.8459595959595959,0.9141414141414141,0.03059163059163059,396
zs512,han,S01012,tp,0.811545646056259,0.0069521823472203205,0.003477619504144805,0.00222623720189007,0.8425655976676385,0.892128279883382,0.028571428571428577,343
zs512,han,S01012,chl-a,0.6001557301507219,10.813507365433042,6.19793874363115,3.7555585661285726,0.7182741116751269,0.8401015228426396,0.05293691080493111,394
zs512,han,S01013,do,0.7314294368608782,1.0943844106941552,0.8495011311700584,0.5308247427298598,0.9150485436893204,0.9757281553398058,0.041816920943134536,412
zs512,han,S01013,toc,0.1638643619948027,1.0736658474154286,0.8067780819231845,0.5000103370213075,0.7676470588235295,0.8911764705882353,0.011344537815126066,340
zs512,han,S01014,do,0.935115692335381,0.5115695998865248,0.3872086236851689,0.249316648859605,0.8407079646017699,0.9262536873156342,0.022924568057311422,339
zs512,han,S01014,toc,0.8843469606230528,0.10720518466083144,0.058803509640126074,0.03977394859066869,0.7049689440993789,0.8385093167701864,0.031233362910381535,322
zs512,han,S01014,tn,-0.02511748272646752,0.5167860003434228,0.36838742105935063,0.22714573593372342,0.7534246575342466,0.8732876712328768,0.025342465753424637,292
zs512,han,S01014,tp,0.5470125556466711,0.006810627660240863,0.003734828445253242,0.002448381837481231,0.8210862619808307,0.8945686900958466,0.030351437699680527,313
zs512,han,S01014,chl-a,0.38180036641933,0.9795149192746537,0.6166446047282398,0.3999219505703759,0.827893175074184,0.9080118694362018,0.015260703688003406,337
zs512,han,S01015,do,0.8553226256823636,0.7531781834046017,0.5729838272150515,0.3387472217114998,0.7970297029702971,0.905940594059406,0.025813295615275823,404
zs512,han,S01015,toc,0.10532109280355684,0.7508994504602279,0.2748961650101176,0.21719959166972003,0.7736389684813754,0.8653295128939829,0.030495292672943097,349
zs512,han,S01015,tn,0.4417114574796507,0.4729873723959018,0.22966539044380724,0.16996499855819738,0.7900262467191601,0.8766404199475065,0.033145856767904,381
zs512,han,S01015,tp,-0.014300975423343187,0.007678295023737447,0.004021736853739183,0.00305952819658039,0.8357771260997068,0.8826979472140762,0.021449518223711755,341
zs512,han,S01016,do,0.8003339766173827,1.1011519633784845,0.822389033110863,0.5232351373588331,0.7853403141361257,0.8769633507853403,0.030216903515332825,382
zs512,han,S01016,toc,0.5454507307949503,0.8028437365076472,0.47279749012985706,0.2979430996303684,0.75,0.875,0.031231003039513667,376
zs512,han,S01016,tn,0.7985645322862424,0.4655920976910169,0.3455555265483255,0.21299743017656161,0.7968337730870713,0.920844327176781,0.02657369016208067,379
zs512,han,S01016,tp,0.20248837341652026,0.012892889671978441,0.009192497258429775,0.00593695858950358,0.8445040214477212,0.9329758713136729,0.015664496361547302,373
zs512,han,S01017,do,0.10007816282388227,0.9932333558869337,0.77495061936266,0.4873873243484463,0.855595667870036,0.9458483754512635,0.026869520371325426,277
zs512,han,S01017,toc,0.13613781666413616,1.333917557622218,1.0286517741675,0.6251785262648408,0.7429906542056075,0.8691588785046729,0.021228304405874487,214
zs512,han,S01017,tn,0.19512562998658733,0.7279956273214426,0.5634417843827507,0.3585628132658933,0.7918552036199095,0.8868778280542986,0.07659987071751777,221
zs512,han,S01017,tp,-0.4731872955984464,0.03415477376532939,0.022250088119224146,0.014279513242536323,0.7288888888888889,0.8622222222222222,0.03936507936507936,225
zs512,han,S01018,do,0.8626237505455701,0.7479553499039935,0.5947670267526128,0.3493084989980238,0.7796143250688705,0.8980716253443526,0.023219205037386843,363
zs512,han,S01018,toc,0.5767887099171594,0.24053381582119968,0.16902528118928542,0.10472517196889199,0.7420289855072464,0.8782608695652174,0.03519668737060042,345
zs512,han,S01018,tn,0.7055037241593676,0.26196553913648246,0.1874625636555479,0.11935592726133357,0.7584269662921348,0.8426966292134831,0.036597110754414124,356
zs512,han,S01018,tp,0.22495589515671133,0.007170916775508598,0.003534787293663316,0.002441784497440098,0.7902298850574713,0.853448275862069,0.01978653530377667,348
zs512,han,S01019,do,0.7698737439302861,0.8877406692578372,0.635457449042114,0.39250634817604785,0.7919254658385093,0.8819875776397516,0.026175687666370875,322
zs512,han,S01019,toc,0.03682820259844877,0.24582322521282193,0.16575333463482508,0.10706209112568323,0.7358490566037735,0.8427672955974843,0.053099730458221014,318
zs512,han,S01019,tn,0.27043198351275954,0.25623007931258807,0.17456088168244807,0.11342481459195189,0.819672131147541,0.9180327868852459,0.03372365339578456,305
zs512,han,S01019,tp,0.32545073473635844,0.00362196906621952,0.002138489646648349,0.0013912559273241431,0.864951768488746,0.9196141479099679,0.030408819476343583,311
zs512,han,S01020,do,0.4880433720150118,1.2393137350841557,0.8297573756973061,0.500017411621921,0.7588832487309645,0.8654822335025381,0.028861493836113115,394
zs512,han,S01020,toc,0.012321613878832238,0.26027509962637835,0.18481710499389645,0.11539229409150074,0.7654986522911051,0.862533692722372,0.015325375433192148,371
zs512,han,S01020,tn,0.6586522360175598,0.2971830823894219,0.21754254661850178,0.1332677932884593,0.7994987468671679,0.9122807017543859,0.01750805585392052,399
zs512,han,S01020,tp,0.0807691439873055,0.018752551215780542,0.008497405129156393,0.00602274646768385,0.8223350253807107,0.8908629441624365,0.025018129079042793,394
zs512,han,S01020,chl-a,0.6073731479674171,8.933375868830748,4.754103872163248,2.9445704513682744,0.7288135593220338,0.8765133171912833,0.03600830162573503,413
zs512,han,S01021,do,0.8235510965948458,0.8771024369036746,0.6914164212452532,0.40570864977611004,0.8194070080862533,0.9299191374663073,0.048710050057758955,371
zs512,han,S01021,toc,0.6275039237472106,0.33495879102005904,0.22030207950765382,0.1485429107629235,0.7987987987987988,0.9009009009009009,0.00815100815100815,333
zs512,han,S01021,tn,0.694549085112671,0.42644142123384454,0.2788316407952154,0.17055478613092706,0.8116343490304709,0.9196675900277008,0.014285714285714303,361
zs512,han,S01021,tp,0.1504849770587019,0.027523365892080064,0.009146071346630074,0.007096582253928871,0.7847025495750708,0.8441926345609065,0.016673411574261433,353
zs512,han,S01021,chl-a,0.22583387420114087,2.658344799834646,1.9159419102081967,1.1434925765037156,0.7707736389684814,0.8825214899713467,0.014040114613180502,349
zs512,han,S01022,do,0.49042360098832727,1.1972822697600367,0.931914021486238,0.5726077656046792,0.8722222222222222,0.9583333333333334,0.02896825396825396,360
zs512,han,S01022,toc,0.8908063902660239,0.5432772113101628,0.34595390092405587,0.21626863936167956,0.8580060422960725,0.9274924471299094,0.028182995252481653,331
zs512,han,S01022,tn,0.5469750915299239,1.0817031244104083,0.795007549136668,0.48267073169356006,0.7737430167597765,0.8770949720670391,0.038707102952913,358
zs512,han,S01022,tp,0.3748838569745041,0.03921055751401047,0.029042907338091135,0.01746346002424463,0.844574780058651,0.9178885630498533,0.01834939254294093,341
zs512,han,S01022,chl-a,0.28202124146633534,7.9994727978335005,5.012554408229015,3.0148641581818523,0.739010989010989,0.8653846153846154,0.02739403453689166,364
zs512,han,S01023,do,0.47677664378176343,1.4396098825193144,1.0513534100595139,0.6208420403374363,0.788135593220339,0.9209039548022598,0.01856335754640839,354
zs512,han,S01023,toc,0.6095560112919891,0.7619963702701718,0.5327834047075409,0.32548519375530477,0.7921686746987951,0.9036144578313253,0.02280550774526679,332
zs512,han,S01023,tn,0.7855072572717017,0.6683492890381634,0.47006157904424134,0.2826657511486143,0.7522123893805309,0.8820058997050148,0.037715971344289924,339
zs512,han,S01023,tp,0.00672580235246345,0.03987235305267012,0.024256753593757566,0.01637649187139501,0.7768115942028986,0.8463768115942029,0.01490683229813664,345
zs512,han,S01023,chl-a,0.6076484566322222,28.572295982239922,15.369311507607721,9.40114748399509,0.708092485549133,0.8352601156069365,0.04095788604459124,346
zs512,nak,S02001,do,0.3287480635039862,1.6879766184733815,1.109399298070791,0.666373775557404,0.7798594847775175,0.8946135831381733,0.016728002676480416,427
zs512,nak,S02001,toc,0.09797157853441663,1.734794352715902,0.8210653672790087,0.6202269448165535,0.774818401937046,0.8716707021791767,0.03164994811483916,413
zs512,nak,S02001,chl-a,-0.602971432676819,0.6906148670668918,0.31010544233281834,0.2032582387611275,0.8554502369668247,0.9312796208530806,0.027217332430602564,422
zs512,nak,S02002,do,0.7141332897170132,1.5330909197729858,1.1194132132877408,0.6668864088247067,0.7701149425287356,0.8850574712643678,0.01658456486042693,348
zs512,nak,S02002,toc,0.5596108238590969,0.5122924492024106,0.3408778900072586,0.20135438324884128,0.8165137614678899,0.9327217125382263,0.05207514198339886,327
zs512,nak,S02002,tn,0.5446877316432595,0.3409762007270256,0.261369049016594,0.1517051235462619,0.7670807453416149,0.8819875776397516,0.02590949423247559,322
zs512,nak,S02002,tp,0.5687897930085151,0.014699845896073779,0.009221618497934464,0.005509561350794545,0.8452380952380952,0.9375,0.03392857142857143,336
zs512,nak,S02002,chl-a,0.38649503229339566,11.024710657688306,6.696002566726955,3.982845410030729,0.7598870056497176,0.8898305084745762,0.02711864406779659,354
zs512,nak,S02003,do,0.6705065072632046,1.2368380962054737,0.8556051229389469,0.5287088130879051,0.7535211267605634,0.8838028169014085,0.05734406438631791,284
zs512,nak,S02003,toc,0.45817136944993275,0.6044986741535311,0.3746474224078083,0.25139725344523517,0.8098765432098766,0.8888888888888888,0.0238095238095238,405
zs512,nak,S02003,chl-a,0.2078761988965867,5.72644456873376,4.0041931694987865,2.389174091925729,0.8294573643410853,0.917312661498708,0.012033960871170177,387
zs512,nak,S02004,do,0.5073798010030681,1.420067164148543,1.0872187749256,0.6462591942906217,0.8296703296703297,0.9230769230769231,0.029199372056514915,182
zs512,nak,S02004,toc,0.14573174303937408,0.9312864089997441,0.6529416415150926,0.4489403524050763,0.7803468208092486,0.8728323699421965,0.023286540049545817,173
zs512,nak,S02004,chl-a,0.43715600317538117,5.57477665678119,3.4804718731379216,2.2462408724799983,0.8176100628930818,0.9245283018867925,0.07322551662174304,159
zs512,nak,S02005,do,0.44042470500422537,1.6683676359111648,1.1295043271058154,0.6767559844332528,0.7593052109181141,0.8784119106699751,0.016979794399149248,403
zs512,nak,S02005,toc,0.4972110161418034,0.614695411936544,0.41351299492321386,0.2660088629714377,0.8037135278514589,0.883289124668435,0.009473285335354307,377
zs512,nak,S02005,tn,0.5351873853847711,0.48503398056114805,0.3589015040275356,0.21327204284630927,0.8277634961439588,0.9305912596401028,0.01604847594564818,389
zs512,nak,S02005,tp,0.4972207956088023,0.02066062440439556,0.013090838126158433,0.007602714553549395,0.7851239669421488,0.9035812672176309,0.016883116883116882,363
zs512,nak,S02005,chl-a,0.5330118199197453,13.552160808268365,9.339846253469233,5.396908542010812,0.7722772277227723,0.8985148514851485,0.03005657708628006,404
zs512,nak,S02006,do,0.628619439918014,1.398063377892933,1.0119772230905666,0.5823376865970907,0.7589498806682577,0.8878281622911695,0.01984316399590863,419
zs512,nak,S02006,toc,0.6120031109879737,0.4391508233623444,0.30039679551318704,0.1849237815071476,0.8212290502793296,0.9357541899441341,0.015961691939345577,358
zs512,nak,S02006,tn,0.6828078869694065,0.4049772181670298,0.30073691525526114,0.1858319967992943,0.7532133676092545,0.8611825192802056,0.021226588321703994,389
zs512,nak,S02006,tp,0.5507755559101533,0.011932413756159714,0.006846742305519911,0.0043331799133993565,0.8228882833787466,0.896457765667575,0.02043596730245234,367
zs512,nak,S02006,chl-a,0.32539311514990477,18.22167492985061,11.385500766839746,6.888125429883907,0.7132701421800948,0.8530805687203792,0.03364928909952607,422
zs512,nak,S02007,do,0.6957340191842458,1.386896349259325,1.0379487668292722,0.6155885871517183,0.7870370370370371,0.9074074074074074,0.023148148148148147,432
zs512,nak,S02007,toc,0.09988772732102313,0.5803540321811296,0.3694380341630133,0.2385474565384556,0.8738317757009346,0.9322429906542056,0.029238985313751655,428
zs512,nak,S02007,chl-a,0.3428303145803334,19.0674535732744,12.279419892924766,7.787815638383257,0.7990430622009569,0.8971291866028708,0.00861244019138756,418
zs512,nak,S02008,do,0.6332595797849303,1.4399924014060494,1.075978190153877,0.633634197522775,0.7951219512195122,0.9121951219512195,0.03066202090592336,410
zs512,nak,S02008,toc,0.627447052200478,0.39359388168058695,0.27856465690149124,0.18208735988333638,0.7941176470588235,0.8725490196078431,0.024579831932773084,408
zs512,nak,S02008,chl-a,0.8867207177512516,0.38652033716460604,0.29237857868341305,0.19029776072571516,0.8992805755395683,0.9760191846522782,0.059301130524152104,417
zs512,nak,S02009,do,0.7934414300654772,1.1589781128137857,0.838597273118756,0.5105432093313554,0.8006535947712419,0.9019607843137255,0.02334267040149393,306
zs512,nak,S02009,toc,0.6360984750450804,0.5818210701143075,0.38508430058487303,0.24227574587149373,0.7679180887372014,0.8771331058020477,0.02808386153096049,293
zs512,nak,S02009,tn,0.7959391327800134,0.2911337276164538,0.21499723846442337,0.1347455763304227,0.714828897338403,0.8479087452471483,0.08321564367191744,263
zs512,nak,S02009,tp,0.6910387148032077,0.010627043943324132,0.006890712121398352,0.004289022349199724,0.784688995215311,0.8803827751196173,0.023786739576213252,209
zs512,nak,S02009,chl-a,0.6391767148263544,9.134172849099619,6.650181896817961,4.1000657170923995,0.7818791946308725,0.8825503355704698,0.03643336529242569,298
zs512,nak,S02010,do,0.705437141318676,1.2445280977831887,0.8217365530837302,0.5145458474345952,0.8698630136986302,0.9417808219178082,0.03405088062622309,292
zs512,nak,S02010,toc,0.2308129646232664,1.043667407707096,0.7304591305175607,0.4915618092669848,0.8435897435897436,0.9461538461538461,0.02234432234432235,390
zs512,nak,S02011,do,0.7946962448502742,0.9577405321468456,0.6986624954217187,0.4302837858354823,0.7871148459383753,0.8935574229691877,0.04941976790716287,357
zs512,nak,S02011,toc,0.45375643430208157,0.6248600986032503,0.42058684320416345,0.2648471900827655,0.7357954545454546,0.8238636363636364,0.03952922077922077,352
zs512,nak,S02011,chl-a,-0.038548723310246835,3.981023496732756,2.5798520217014738,1.672540292519425,0.7936046511627907,0.8808139534883721,0.02740863787375417,344
zs512,nak,S02012,do,0.8545536074813774,0.9714565828946184,0.7799380561779968,0.4503959323916897,0.8116279069767441,0.9186046511627907,0.023920265780730914,430
zs512,nak,S02012,toc,0.5357006700748346,0.5995863492317445,0.3910493323465454,0.24592326128645156,0.7754137115839244,0.8936170212765957,0.018574805808848356,423
zs512,nak,S02012,chl-a,0.5319889344793559,9.502102305382834,6.466279598370458,4.026798079766687,0.7617801047120419,0.8664921465968587,0.022213911742707537,382
zs512,nak,S02013,do,0.7869388273229282,0.9298387791497331,0.7014015960030587,0.4130447783484,0.8018433179723502,0.9124423963133641,0.019420671494404202,434
zs512,nak,S02013,toc,0.14099679629971318,0.38713394188940936,0.2722324914791226,0.1748452158198357,0.7638888888888888,0.8634259259259259,0.02711640211640212,432
zs512,nak,S02013,chl-a,0.260850893204178,0.8906605946337817,0.5706495680461936,0.37461782237481067,0.8041958041958042,0.8974358974358975,0.030802530802530807,429
zs512,nak,S02014,do,0.5105205321568056,1.0982679674685711,0.8162726741652441,0.5071793756103833,0.6884735202492211,0.8255451713395638,0.05838896306186024,321
zs512,nak,S02014,toc,0.052275798347816926,0.691716562245187,0.43146123419205146,0.29315559079291376,0.7147540983606557,0.8426229508196721,0.030913348946135823,305
zs512,nak,S02014,tn,0.4744067692408852,0.4716952766645202,0.31173632532320394,0.2006709226216418,0.7896440129449838,0.8737864077669902,0.015164123901987982,309
zs512,nak,S02014,tp,0.060425315837127624,0.008156766355471606,0.004308222424003964,0.002766971620143439,0.8178807947019867,0.8973509933774835,0.04824976348155156,302
zs512,nak,S02014,chl-a,0.537047094165634,0.6311060150122093,0.46713534694071895,0.28267405395448203,0.7957317073170732,0.8902439024390244,0.014024390243902451,328
zs512,nak,S02015,do,0.658547816806714,1.2901337137114002,0.9463465913859805,0.5766211588055243,0.7581967213114754,0.8565573770491803,0.029274004683840744,244
zs512,nak,S02015,toc,0.060973243007901745,0.7817986862394912,0.4844646248986101,0.3042082723935217,0.8033240997229917,0.8947368421052632,0.02671151563118322,361
zs512,nak,S02015,tn,0.3874107908896327,0.4260283454418372,0.2468092258146697,0.16726381772570667,0.7880434782608695,0.8586956521739131,0.04472049689440992,368
zs512,nak,S02015,tp,0.5125891316610017,0.013565193968195416,0.006732051103358888,0.004835431428437315,0.8739495798319328,0.9495798319327731,0.03537414965986392,357
zs512,nak,S02015,chl-a,0.2779613150587329,12.321875667106381,9.095356377073607,5.333745853437447,0.7554945054945055,0.8873626373626373,0.02048665620094192,364
zs512,nak,S02017,do,0.5557655922942402,1.3006400134156229,0.9254015103748353,0.5399687869323978,0.7836065573770492,0.9016393442622951,0.04800936768149885,305
zs512,nak,S02017,toc,0.6094171337108905,0.4214305518274255,0.2887077518449354,0.1751412095294281,0.8025974025974026,0.9090909090909091,0.021335807050092772,385
zs512,nak,S02017,tn,0.7782613047093523,0.3849322305110549,0.2823242348607142,0.1702824839518204,0.7413333333333333,0.8693333333333333,0.020761904761904763,375
zs512,nak,S02017,tp,0.6809888711680376,0.015038062095245058,0.01033188549600022,0.006547766694278998,0.8337595907928389,0.9130434782608695,0.028863719400803782,391
zs512,nak,S02017,chl-a,0.3024644929599949,20.708185849145284,12.281289647823693,7.3315494773626915,0.7268518518518519,0.8680555555555556,0.03287037037037037,432
zs512,nak,S02018,do,0.7488067188839935,0.8632396768507464,0.6773693170147697,0.4193521446381177,0.8031746031746032,0.8952380952380953,0.033786848072562374,315
zs512,nak,S02018,toc,0.05571331598964402,0.48017486534925347,0.28282348840981586,0.18148584358571698,0.7377049180327869,0.839344262295082,0.0531615925058548,305
zs512,nak,S02018,tn,0.6086958746162684,0.2094700830530807,0.16936507570176018,0.09800745727034546,0.7622377622377622,0.9300699300699301,0.06123876123876125,286
zs512,nak,S02018,tp,0.05680969772928823,0.0042950156776443045,0.002409691553194139,0.0015922308655845342,0.7702265372168284,0.8543689320388349,0.0267221451687471,309
zs512,nak,S02019,do,0.34008258077057296,1.1006987024714554,0.8386807362379676,0.5006001988099781,0.7967289719626168,0.9018691588785047,0.010680907877169552,428
zs512,nak,S02019,toc,0.2945836241781502,1.096848017596325,0.8592682200797749,0.5144451058150564,0.7725947521865889,0.8775510204081632,0.02690545605997502,343
zs512,nak,S02020,do,0.7892525060038394,1.3843777965450277,1.0340242699421816,0.6239817796788768,0.7859078590785907,0.8780487804878049,0.03232675183894697,369
zs512,nak,S02020,toc,0.3095563825619412,0.5665112189281462,0.32363719524969964,0.2238968112943763,0.7686170212765957,0.8377659574468085,0.020288753799392076,376
zs512,nak,S02020,tn,0.3310651839640728,0.5555326596843313,0.32846023966676763,0.22398919448939245,0.7534626038781164,0.8559556786703602,0.0376731301939058,361
zs512,nak,S02020,tp,0.430789601544734,0.014566155271413512,0.008130206990176223,0.005490413374904531,0.8292011019283747,0.8842975206611571,0.047225501770956316,363
zs512,nak,S02020,chl-a,0.13067325152011866,12.347203932198868,7.692931073572474,4.859511563825621,0.7574931880108992,0.8610354223433242,0.020980926430517712,367
zs512,nak,S02021,do,0.6860035437649178,1.4430435036649856,1.024330403812799,0.6015392796827302,0.745928338762215,0.8729641693811075,0.050953932061423915,307
zs512,nak,S02021,toc,0.4844644325801396,0.8046885678321598,0.4481595808207401,0.2913795791543151,0.7590673575129534,0.8782383419689119,0.017394522575869726,386
zs512,nak,S02021,tn,0.21880344767942295,0.6764080326158683,0.3771676791782823,0.260210366748308,0.785377358490566,0.8702830188679245,0.02850404312668464,424
zs512,nak,S02021,tp,0.20593540875914162,0.026629355507150055,0.009334878146115378,0.006816785873737958,0.8047619047619048,0.9,0.040136054421768694,420
zs512,nak,S02021,chl-a,-0.17841873214308057,10.203160366825761,6.952449724264039,4.132934217917354,0.7587006960556845,0.8839907192575406,0.02055021544580708,431
zs512,nak,S02022,do,0.5834173521031841,1.523830517385186,1.1353072170706955,0.6689304142739335,0.765807962529274,0.8852459016393442,0.013348946135831362,427
zs512,nak,S02022,toc,0.4541943248335605,0.6167957256098807,0.3205561502025983,0.22294536193645018,0.7817745803357314,0.8872901678657075,0.03374443302500856,417
zs512,nak,S02022,tn,0.4951573513113843,0.3999731735887127,0.29044062067742155,0.17499982805948752,0.6912114014251781,0.8598574821852731,0.04027824906684764,421
zs512,nak,S02022,tp,0.23737740089138037,0.016338285422015295,0.008940376424127969,0.005793728853451431,0.8157248157248157,0.9041769041769042,0.02369252369252368,407
zs512,nak,S02022,chl-a,-0.060703569416797665,18.41729211256555,10.675439878865232,6.916465874025086,0.7395577395577395,0.8181818181818182,0.040505440505440506,407
zs512,nak,S02023,do,0.8755581824462597,1.121150649891397,0.7391388503796336,0.4565703703798824,0.739240506329114,0.850632911392405,0.03164556962025317,395
zs512,nak,S02023,toc,0.5601945611684875,0.550465360623625,0.27083758226914056,0.17544016149463654,0.8034825870646766,0.8855721393034826,0.01741293532338309,402
zs512,nak,S02023,tn,0.41353356812884146,0.33268224903544913,0.22985359253373447,0.1577377393502159,0.7626666666666667,0.88,0.029904761904761896,375
zs512,nak,S02023,tp,-0.11217464327617477,0.015550560841681696,0.005914562926824527,0.004393539558848184,0.7478005865102639,0.8651026392961877,0.016422287390029322,341
zs512,nak,S02023,chl-a,0.23768594079866523,9.897091642941247,4.323658140963128,2.9354893545331677,0.6649746192893401,0.8197969543147208,0.04960116026105873,394
zs512,nak,S02024,do,0.7664813461073622,1.2396132227695495,0.8949384751491716,0.5502302401765344,0.788659793814433,0.8737113402061856,0.015169366715758454,388
zs512,nak,S02024,toc,0.39167960419223335,0.3826908165782737,0.26068188099191464,0.16455707193180474,0.7942708333333334,0.8932291666666666,0.024553571428571428,384
zs512,nak,S02024,tn,0.8566563851694082,0.46658635311380414,0.3308893673585064,0.22124944591688672,0.7390180878552972,0.8423772609819121,0.03447766703580656,387
zs512,nak,S02024,tp,0.25406839297697537,0.022633130554276047,0.012234467594502682,0.00837973198899412,0.8052631578947368,0.9,0.01804511278195488,380
zs512,nak,S02024,chl-a,0.7762277965517228,0.1879066318586702,0.11045105972185668,0.07016897178682784,0.8051948051948052,0.9116883116883117,0.019480519480519484,385
zs512,geum,S03002,do,0.1899348048017946,1.757026509163865,1.3054284006694712,0.7879810796147927,0.8361858190709046,0.9144254278728606,0.02315752706950751,409
zs512,geum,S03002,toc,0.23439354561515613,0.8348644748338416,0.6108262595019927,0.40266971547339236,0.8155080213903744,0.9224598930481284,0.02498090145148969,374
zs512,geum,S03002,chl-a,0.41685418759951853,12.605402865783343,7.126745507820472,4.248167494808806,0.7592137592137592,0.8771498771498771,0.02646542646542646,407
zs512,geum,S03003,do,0.7151776976116527,0.9770597133234712,0.6235952740536828,0.3726038479494239,0.7568807339449541,0.8853211009174312,0.021690694626474438,436
zs512,geum,S03003,toc,0.28177332581993053,0.2428208968202473,0.18161695713001777,0.11089716652184342,0.7047619047619048,0.8571428571428571,0.03537414965986392,210
zs512,geum,S03003,tn,0.6571415874495745,0.3073153325233464,0.21751601247062033,0.13486039260469251,0.8448687350835322,0.9069212410501193,0.02891237640640983,419
zs512,geum,S03003,tp,0.2382377614950224,0.006175892345935755,0.003323030408194023,0.0020234471180189785,0.8870588235294118,0.9482352941176471,0.039159663865546215,425
zs512,geum,S03003,chl-a,0.4015058726127628,8.181475622286465,3.6585583869484557,2.5034816113010585,0.7598152424942263,0.8614318706697459,0.043714945562520625,433
zs512,geum,S03004,do,0.32617807831069145,2.264755572768882,1.7657853536295074,1.0185568801956182,0.7444794952681388,0.8580441640378549,0.0269941415051825,317
zs512,geum,S03004,toc,0.5034140759800463,0.3180805742176167,0.2470207154385659,0.14403233631837092,0.7894736842105263,0.9144736842105263,0.027725563909774435,304
zs512,geum,S03004,tn,0.7774872383100699,0.5332760977037518,0.41074083203989303,0.24448337877150766,0.7539936102236422,0.9009584664536742,0.03080785029666819,313
zs512,geum,S03004,tp,0.3435476049115487,0.027947451171324245,0.019530709155178436,0.012117779193782739,0.7987421383647799,0.9119496855345912,0.031446540880503145,318
zs512,geum,S03004,chl-a,0.3010598239622586,18.846396834165358,13.164168866371844,7.9490178298730285,0.6990595611285266,0.7962382445141066,0.04536497984773846,319
zs512,geum,S03005,do,0.271015877171941,2.580879064531124,1.810531148858335,1.1361392755742108,0.6775,0.7875,0.05142857142857143,400
zs512,geum,S03005,toc,0.38132071871450257,0.31782511365318583,0.237954608828883,0.15895979617830183,0.853904282115869,0.9345088161209067,0.0317020510975171,397
zs512,geum,S03005,tn,0.8288734357024128,0.45727376179947005,0.3576710401196273,0.21099980541759775,0.799492385786802,0.9010152284263959,0.02719361856417694,394
zs512,geum,S03005,tp,0.18807238902171908,0.024240722016907624,0.015555389963486557,0.010024996525197265,0.7455012853470437,0.8611825192802056,0.024678663239074545,389
zs512,geum,S03005,chl-a,0.23496173202188786,24.34575793460927,16.349224378553334,10.139261961095444,0.6564885496183206,0.7888040712468194,0.05165394402035622,393
zs512,geum,S03006,do,0.39180005183001054,1.6236452525563316,1.2437322588845043,0.7752238604705883,0.8112676056338028,0.9098591549295775,0.019315895372233403,355
zs512,geum,S03006,toc,0.4162605782138876,1.0223070051525396,0.6935448026589043,0.4394164836541821,0.7923976608187134,0.8918128654970761,0.009189640768588147,342
zs512,geum,S03006,chl-a,0.5633510189288318,33.542375844305354,18.651406679266255,11.537643603756468,0.6881028938906752,0.819935691318328,0.04579696830500689,311
zs512,geum,S03007,do,0.6358274809531848,1.2723356152350112,0.8468001864870229,0.4951541494526875,0.7701149425287356,0.8804597701149425,0.0206896551724138,435
zs512,geum,S03007,toc,0.6155021810692161,0.42293815447548605,0.25898513333661527,0.16226217805330226,0.8125,0.90625,0.017513736263736264,416
zs512,geum,S03007,tn,0.35253351690164647,0.5242943221768572,0.3161069022385187,0.20199190649312163,0.8032786885245902,0.8735362997658079,0.008464369354299086,427
zs512,geum,S03007,tp,0.40639808804370203,0.01924248963896308,0.008627760357653152,0.0057056955166471445,0.7875,0.885,0.009285714285714267,400
zs512,geum,S03007,chl-a,0.3795965921924741,10.781282897461436,6.108424933980423,3.7355445071687496,0.8236658932714617,0.9002320185614849,0.026350679482930066,431
zs512,geum,S03008,do,0.8438472854778626,0.6230209915502739,0.4333220763726568,0.2691256249167893,0.7965686274509803,0.8799019607843137,0.015756302521008406,408
zs512,geum,S03008,toc,0.8157123595316362,0.131052708645868,0.08693360435380358,0.05623354496284103,0.8383838383838383,0.9217171717171717,0.018326118326118333,396
zs512,geum,S03008,tn,0.7943583850223336,0.14947187046326227,0.09561486508779603,0.06064291918479815,0.8382352941176471,0.9191176470588235,0.016456582633053222,408
zs512,geum,S03008,tp,0.6643468420201113,0.0018540610852060334,0.0011524560953027566,0.0007408744336949245,0.8284313725490197,0.8848039215686274,0.03606442577030813,408
zs512,geum,S03008,chl-a,0.6733442387865429,7.756766070931927,3.3591342176666803,2.105911504799658,0.7946210268948656,0.9144254278728606,0.0316101990918617,409
zs512,geum,S03009,do,0.954654061019297,0.6491898789004158,0.4812444151805821,0.291004598938359,0.64,0.788235294117647,0.06067226890756302,425
zs512,geum,S03009,toc,0.7377823242335633,0.11746030680971546,0.07950622364177683,0.0490621846278103,0.7578692493946732,0.847457627118644,0.021653407125562074,413
zs512,geum,S03009,tn,0.7392690271953104,0.13120583205743283,0.09553573872859722,0.05865083495939216,0.8819277108433735,0.9493975903614458,0.042168674698795185,415
zs512,geum,S03009,tp,0.7964784343533167,0.005976151013934828,0.0035948903134589852,0.0022271112009234514,0.8408551068883611,0.9311163895486936,0.023685103495079747,421
zs512,geum,S03009,chl-a,0.23834389823178515,1.2636826121584261,0.8373287900693316,0.5128100887216929,0.75,0.875,0.02479395604395602,416
zs512,geum,S03010,do,0.23910909154239302,2.064107403835727,1.4537034209199746,0.877861012427238,0.7168831168831169,0.8415584415584415,0.036178107606679034,385
zs512,geum,S03010,toc,0.7038725988931842,0.6932299162617374,0.4708273098266758,0.28127038326158627,0.8125,0.9244791666666666,0.028273809523809514,384
zs512,geum,S03010,tn,0.6743588996482444,0.4191612357298895,0.3021497358954833,0.1870903043941095,0.7493540051679587,0.8630490956072352,0.01805094130675527,387
zs512,geum,S03010,tp,0.5321216332759031,0.020186973185772426,0.010462224458405804,0.00686849358164821,0.8059299191374663,0.9110512129380054,0.009048902579899886,371
zs512,geum,S03011,do,0.7167916107696393,1.12334797006715,0.8298912887334359,0.5073176754938293,0.775,0.8925,0.03535714285714286,400
zs512,geum,S03011,toc,0.41520528207636576,0.27281134276560653,0.15186912367580674,0.1074325756762278,0.7914438502673797,0.8582887700534759,0.02352941176470588,374
zs512,geum,S03011,tn,0.7742270380047189,0.32813150424754484,0.2008731986632697,0.12703037598488268,0.7416020671834626,0.8604651162790697,0.04569952011812476,387
zs512,geum,S03011,tp,0.3797898339625272,0.007755861449629475,0.00395352795832437,0.002861578834883701,0.8136482939632546,0.889763779527559,0.020847394075740523,381
zs512,geum,S03012,do,0.0006425632325495201,1.519447947221439,1.111460295433461,0.6794051314484746,0.8093385214007782,0.9221789883268483,0.053640911617565304,257
zs512,geum,S03012,toc,0.3420412866340947,0.5487305991629687,0.3042319603981192,0.22669475334857675,0.8037383177570093,0.883177570093458,0.04038718291054739,428
zs512,geum,S03012,tn,0.696871267175058,0.48205245162506083,0.29293277018699626,0.19293686486934575,0.7952941176470588,0.8870588235294118,0.035126050420168066,425
zs512,geum,S03012,tp,0.07427400604925338,0.016679593010467588,0.009607052185498099,0.0065805797917312695,0.8329411764705882,0.9388235294117647,0.023865546218487403,425
zs512,geum,S03013,do,-0.1317252362606458,1.6693359325387647,1.1872475728325895,0.7193300776757446,0.6829268292682927,0.8475609756097561,0.04372822299651569,164
zs512,geum,S03013,toc,-0.09401681849381838,0.7970235409527454,0.5849629113671312,0.3748249981712884,0.704225352112676,0.8028169014084507,0.051710261569416494,142
zs512,geum,S03013,tn,0.5631994846220876,0.5689016948852528,0.41343644048941197,0.2527213336624405,0.738562091503268,0.869281045751634,0.05564892623716154,153
zs512,geum,S03013,tp,0.03254828850362523,0.025115957736688385,0.016787586910216642,0.011251962299867945,0.6797385620915033,0.8169934640522876,0.05975723622782447,153
zs512,geum,S03013,chl-a,0.26419318917644297,8.748957339594394,6.097427976077237,3.9571043175339775,0.7142857142857143,0.8012422360248447,0.052706299911268864,161
zs512,geum,S03014,do,0.772136023809024,0.9433395891437601,0.6471368118687423,0.4013538160464423,0.7786666666666666,0.9066666666666666,0.04819047619047618,375
zs512,geum,S03014,toc,0.5026990525047683,0.34546373120990564,0.21935812456215972,0.14523039869693152,0.7786666666666666,0.8906666666666667,0.03561904761904763,375
zs512,geum,S03014,tn,0.6334759568915154,0.4197608661133125,0.2857538179944721,0.17478039067872636,0.7513661202185792,0.8715846994535519,0.03989071038251364,366
zs512,geum,S03014,tp,-0.12150354838813593,0.01216136199893765,0.007060497137018849,0.004923719767272371,0.7480106100795756,0.8408488063660478,0.019287608942781354,377
zs512,geum,S03014,chl-a,0.633691500543027,1.6914174641216997,0.9391133544959255,0.5742704231391801,0.7150395778364116,0.8522427440633246,0.0638899359215982,379
zs512,yeong,S04001,do,0.8495490508745281,0.8975601136112835,0.6471370095862841,0.3977253456959988,0.7131979695431472,0.8375634517766497,0.03509789702683103,394
zs512,yeong,S04001,toc,0.6321066623256967,0.16969591238979806,0.1179978271411689,0.07611345397430433,0.7592592592592593,0.8412698412698413,0.016099773242630386,378
zs512,yeong,S04001,tn,0.7671091422836971,0.1109141770773572,0.06169338145394856,0.04016444991794572,0.8519480519480519,0.9298701298701298,0.047124304267161396,385
zs512,yeong,S04001,tp,0.3368394476509392,0.003592044392504233,0.0023641360251374292,0.001440970082938727,0.8110236220472441,0.8923884514435696,0.0369328833895763,381
zs512,yeong,S04001,chl-a,0.5841551095974066,4.6775528625567055,3.1654777544403614,1.8630816229569507,0.7725,0.895,0.007499999999999997,400
zs512,yeong,S04002,do,0.34605884099571005,2.9604406136119494,2.3060005487016526,1.3507081198912576,0.726063829787234,0.8617021276595744,0.03085106382978722,376
zs512,yeong,S04002,toc,0.3044883809396254,0.7312639141804826,0.5581495256642641,0.3348414230606544,0.7599009900990099,0.8811881188118812,0.014568599717114576,404
zs512,yeong,S04002,tn,0.7490845009244993,0.9653974716202628,0.7121359031711426,0.4446274339277059,0.733502538071066,0.8324873096446701,0.033430021754894866,394
zs512,yeong,S04002,tp,0.31678746462614216,0.039280248362328275,0.029927812929413208,0.018166188898710158,0.7142857142857143,0.8233766233766234,0.04675324675324676,385
zs512,yeong,S04002,chl-a,0.520610475304167,38.05846607868298,27.926645162044156,16.9862031383386,0.7380352644836272,0.8513853904282116,0.029111191075926596,397
zs512,yeong,S04003,do,0.5366869315620131,2.075457906312773,1.534983365813757,0.9343054171027683,0.8074074074074075,0.9135802469135802,0.01569664902998236,405
zs512,yeong,S04003,toc,0.2796676617263859,1.0567174512185595,0.7351531597031561,0.48657646098119933,0.7842105263157895,0.8789473684210526,0.017293233082706774,380
zs512,yeong,S04003,chl-a,0.620737933630616,11.978181013565678,7.010609882643885,4.267929301678934,0.754950495049505,0.8391089108910891,0.039603960396039604,404
zs512,yeong,S04004,do,0.7185367867528742,0.9766936134886789,0.6749909009414953,0.3983851176056783,0.747016706443914,0.8687350835322196,0.0380838731674054,419
zs512,yeong,S04004,toc,0.8449698816326994,0.2974642891695705,0.21245099765063838,0.12529624619934326,0.8129675810473815,0.9276807980049875,0.014891343070894193,401
zs512,yeong,S04004,tn,0.7482516330378504,0.24133996292115598,0.15485438743585622,0.10024771575515487,0.8312342569269522,0.9042821158690176,0.01183879093198992,397
zs512,yeong,S04004,tp,0.6447305099144249,0.003718566723449953,0.002386690309317049,0.001459505871674448,0.825065274151436,0.9112271540469974,0.029653114509511375,383
zs512,yeong,S04004,chl-a,0.5431805854383308,8.378670347254017,5.732059464961973,3.348787100769782,0.8164251207729468,0.9130434782608695,0.019668737060041398,414
zs512,yeong,S04005,do,-0.1071220619295814,3.3933076146650527,2.492844368895524,1.5562771278703929,0.7378048780487805,0.8414634146341463,0.030313588850174204,164
zs512,yeong,S04005,toc,0.031245762552161715,1.0728835825308958,0.7200722131723788,0.47875342345293576,0.7253521126760564,0.8450704225352113,0.05573440643863178,142
zs512,yeong,S04005,tn,-0.06819256057178169,1.7409834560484112,1.222366302943001,0.8122393010849367,0.6357615894039735,0.7748344370860927,0.05080416272469253,151
zs512,yeong,S04005,tp,-0.43431717906589773,0.07818021192303994,0.05365152516329291,0.03807806811502895,0.7006802721088435,0.7891156462585034,0.0552964042759961,147
zs512,yeong,S04005,chl-a,0.03940099068731884,32.438877833795104,25.24248032299245,15.227937543765554,0.7633136094674556,0.8224852071005917,0.03110735418427726,169
zs512,yeong,S04006,do,0.8346388483887227,0.8533263589873452,0.6824589296007857,0.40623119800218893,0.7083333333333334,0.8527777777777777,0.03849206349206349,360
zs512,yeong,S04006,toc,0.71540059914497,0.36435707111524845,0.26165881832103904,0.1614565066846103,0.7665706051873199,0.8443804034582133,0.03614656237134623,347
zs512,yeong,S04006,tn,0.7419956316338968,0.25098664537566756,0.1718672532676378,0.11355703216473194,0.7549857549857549,0.8290598290598291,0.0245014245014245,351
zs512,yeong,S04006,tp,0.7192101916344189,0.010917199559746077,0.007490285754741363,0.004421614027586692,0.7620396600566572,0.8895184135977338,0.044314042897612316,353
zs512,yeong,S04007,do,0.7151664986619468,0.7616947990098377,0.5639793248565135,0.34603235806883464,0.7596899224806202,0.875968992248062,0.025249169435215952,387
zs512,yeong,S04007,toc,0.5701424727769779,0.22250340637312663,0.1668814016138886,0.10031911880826756,0.7764350453172205,0.9093655589123867,0.05114372032801035,331
zs512,yeong,S04007,tn,0.3924780584495503,0.18113224591091506,0.12537006541304732,0.07575602683741754,0.8448275862068966,0.9408866995073891,0.019282195636875426,406
zs512,yeong,S04007,tp,0.6313327621781724,0.006986596861796995,0.0035773121068214675,0.002332278025803061,0.8708133971291866,0.9425837320574163,0.033287764866712234,418
zs512,yeong,S04007,chl-a,0.4823643776804438,2.9862142839172763,2.1204748303020655,1.255635030269348,0.8587962962962963,0.9490740740740741,0.0369047619047619,432
zs512,yeong,S04008,do,0.6916334510263282,1.0194315487722507,0.6806640847762536,0.4160646238865476,0.7292161520190024,0.8598574821852731,0.03145571767899557,421
zs512,yeong,S04008,toc,0.4916653726600726,0.2627315821206064,0.1497835031404647,0.09242448811751382,0.8115942028985508,0.8985507246376812,0.014492753623188411,414
zs512,yeong,S04008,tn,0.8280315533227571,0.15067080368926106,0.10947036862255655,0.0694376058917226,0.8700980392156863,0.9240196078431373,0.035854341736694675,408
zs512,yeong,S04008,tp,0.5466687614480765,0.0021023310187210614,0.001500362210148826,0.0009458980461671845,0.8193069306930693,0.9034653465346535,0.017680339462517687,404
zs512,yeong,S04008,chl-a,0.2574705457416617,18.299266457672555,7.394741499847926,4.6318194428896815,0.7559808612440191,0.8755980861244019,0.04408749145591251,418
zs512,yeong,S04009,do,0.6933874140363298,1.8666737011526455,1.4322340963708304,0.8141069138023295,0.782608695652174,0.9309462915601023,0.015308732188527605,391
zs512,yeong,S04009,toc,0.4532003051454737,0.7781028143215795,0.523529632373465,0.3200150944731254,0.7817679558011049,0.8895027624309392,0.02801894238358326,362
zs512,yeong,S04009,tn,0.36205119678718667,0.4563939908488128,0.3224108276192112,0.20210805089313427,0.7584415584415585,0.8571428571428571,0.01725417439703154,385
zs512,yeong,S04009,tp,0.31618689651168885,0.03210534719804197,0.02115556804650454,0.0133520331135258,0.7447916666666666,0.8541666666666666,0.028943452380952386,384
zs512,yeong,S04009,chl-a,0.5271925286967607,10.896834439900756,7.728829967037779,4.556256618783984,0.7192982456140351,0.8395989974937343,0.03626924453992123,399
