river,station,target,n,point_dSE,point_DM,point_p,point_sig5,crps_n,crps_d,crps_DM,crps_p,crps_sig5
han,S01001,do,391,3.763442605029539,3.553439831779573,0.0004268229027387846,True,357,0.2623766331673502,2.89090515249867,0.00407705752656458,True
han,S01002,do,378,3.0652574625565006,3.5844560445663274,0.0003821441038709578,True,344,0.3091548858682268,3.86534439069672,0.00013267474747579152,True
han,S01003,do,434,1.3200353147400903,3.9497194039514287,9.131949951963946e-05,True,400,0.11938636908467672,2.746034610551211,0.006305016351641228,True
han,S01004,do,423,1.6900469074995497,4.243483106958615,2.707682194080915e-05,True,389,0.14652373869203913,3.0065859470664247,0.0028138891198725272,True
han,S01005,do,400,0.8686379813318708,3.048024352654031,0.002456838098632481,True,366,0.15035769949374847,3.9727784902321592,8.560986265686009e-05,True
han,S01006,do,398,0.6415494663722727,2.6562146812444127,0.00822082784549717,True,364,0.15301801889588035,3.703125771215343,0.0002460542657018988,True
han,S01007,do,336,0.9140741229738357,2.1514996208664354,0.03215127141108794,True,302,0.14223418036348304,2.0639934837515264,0.03987509853369724,True
han,S01009,do,391,4.33125306269148,3.9144227308517823,0.00010693372831008894,True,357,0.333962517220905,5.419821213596638,1.1019754443356032e-07,True
han,S01010,do,417,1.2208292916971797,3.5910401747031777,0.00036869607581177814,True,383,0.1639560645033087,3.0294680964828227,0.0026164465197928946,True
han,S01011,do,381,2.0525565337701637,2.878299402630642,0.004224206916701701,True,347,0.2009952200812733,3.4877631282290533,0.0005499092617024402,True
han,S01012,do,390,1.7635356124581734,2.973939774873542,0.0031232003754375847,True,356,0.16391627733095102,4.153246120601019,4.110082061248963e-05,True
han,S01013,do,415,1.6498537384654786,5.177617494411263,3.5140559334000786e-07,True,381,0.029232093908707315,0.7500965208733722,0.45366073550165065,False
han,S01014,do,337,1.6472840526568573,2.696091003269397,0.007369106016784416,True,303,0.19594460547899764,6.222943180626021,1.6267313778705672e-09,True
han,S01015,do,394,2.872299822318526,7.095947434166608,6.033474318202382e-12,True,360,0.2701012595708487,6.180353849441326,1.7372140199573042e-09,True
han,S01016,do,374,3.0886756726900897,4.052209655652448,6.17636830453327e-05,True,340,0.22276801223475087,4.180402794124659,3.708142441973468e-05,True
han,S01017,do,275,2.3843232590623424,3.6079317529387636,0.000366767323638753,True,241,0.14841989842120182,2.128084056605455,0.03434953079185146,True
han,S01018,do,357,0.9131367698502836,3.2853730806075676,0.0011196818374434494,True,323,0.08784821095706681,3.0317752669120277,0.0026285489052694775,True
han,S01019,do,316,1.274515665027565,4.029361202120008,7.017295428860467e-05,True,282,0.15304605112936256,3.4309207221192106,0.0006918881065102846,True
han,S01020,do,386,2.6305101963778017,4.2426242937190715,2.7706621963098132e-05,True,352,0.21955162887782995,3.5423525443700594,0.00045013537541029134,True
han,S01021,do,373,0.7682168951014937,3.6435335731444694,0.00030711691964477745,True,339,0.05432744663244547,1.6661129678951907,0.0966173404736025,False
han,S01022,do,359,2.139776569489907,5.138881673598748,4.55377471437321e-07,True,325,0.12634285375309598,2.4144340831839544,0.01631341401465716,True
han,S01023,do,351,6.121881802903102,4.815572912269696,2.1885758521346924e-06,True,317,0.3964931161643971,5.648103905608412,3.6183547333142e-08,True
nak,S02001,do,426,0.548544471866392,1.6579747463501049,0.09806042479859417,False,394,0.11442363522938935,3.0644889621815317,0.002330817633441408,True
nak,S02002,do,348,0.8459196113839897,1.3261522279810833,0.18566150481346025,False,314,0.05440261188918074,0.9843973167345139,0.3256805105417847,False
nak,S02003,do,284,0.2271746746770219,0.4983219201050388,0.6186442131907561,False,250,0.014273163903937444,0.2240733338256229,0.8228839869094958,False
nak,S02004,do,183,5.293166485977257,1.52247630649854,0.12962536492824692,False,149,0.37416250312068905,1.350696658591297,0.17885417128747658,False
nak,S02005,do,410,2.7306388965593014,3.1149588207220087,0.0019692614322827933,True,376,0.10445747654239183,1.7490738277367155,0.08109637811482814,False
nak,S02006,do,421,1.054444471343167,3.0294330729558436,0.0026014261438705127,True,387,0.11009474895019976,3.241722665374797,0.0012913361249649606,True
nak,S02007,do,430,0.7384696771617418,2.415605203515135,0.016126052642078767,True,396,0.0218835480804447,0.6314655809145996,0.5281013981176181,False
nak,S02008,do,408,1.9505993910245953,3.971162543977106,8.456730691105536e-05,True,374,0.10120700258411666,2.2175757919957695,0.027185837504344404,True
nak,S02009,do,305,0.45321589092947007,1.6168863799213824,0.1069399756363836,False,271,0.1424764070382638,2.792660785532307,0.00560143693414513,True
nak,S02010,do,286,0.672335754552215,1.6555263017855744,0.09891844252367578,False,252,0.18839351012205746,3.3111674320532014,0.0010656670114446406,True
nak,S02011,do,353,3.070145606825421,3.0837877015396016,0.0022053359494855086,True,319,0.27115739954774815,2.9386329081558604,0.0035377617004468155,True
nak,S02012,do,429,0.3842825099441838,1.6499730118539728,0.09968209438519081,False,399,0.08131619474996522,1.733308909343091,0.08381527124387773,False
nak,S02013,do,433,0.47745906755537354,2.532409306110313,0.011681325263791897,True,399,0.021338304555818595,0.790460167515501,0.4297298114527154,False
nak,S02014,do,325,0.6221601655914261,1.4595857134723178,0.14537282846032112,False,291,0.08786413780577224,1.644918328015229,0.10107011510763257,False
nak,S02015,do,243,0.2543350857454709,1.0678745533497027,0.2866411933251457,False,209,0.039153050613441695,0.8574289805467322,0.39219469989511346,False
nak,S02017,do,307,-0.03760077145592731,-0.16452013792054535,0.8694303168662358,False,273,0.012100511030084629,0.3317550912590714,0.7403296779182678,False
nak,S02018,do,310,1.3969223275848648,2.7230547757765273,0.0068357311542237,True,276,0.14499882319424806,2.185796122759452,0.02967391315515376,True
nak,S02019,do,426,0.22308612008361633,1.5747948945680745,0.11604786758346905,False,392,0.0435942219612991,1.8048730840099556,0.07186375923542959,False
nak,S02020,do,366,1.0744582780045124,1.9692685447991969,0.04967824072930453,True,332,0.15521195691360704,1.9744682942789429,0.04915942626106332,True
nak,S02021,do,306,0.476357552882012,1.1599526426629845,0.24697528685577813,False,274,0.11895411305651271,2.3331887398994606,0.020364700431904602,True
nak,S02022,do,422,0.26136620917191683,1.083127789516986,0.2793716470163496,False,388,0.03024026059121662,0.7435074226902638,0.45762566592822856,False
nak,S02023,do,395,0.7646096994700803,1.951275178014462,0.05173264817853899,False,361,0.17568667695356766,3.374364039430524,0.0008204208454901188,True
nak,S02024,do,386,0.9588325269985607,3.4432492293499433,0.0006379105913623027,True,352,0.04009758784600075,1.0312160100566574,0.3031495631791246,False
geum,S03002,do,406,1.5531323256258602,3.72797997393761,0.00022048959724505144,True,372,0.030633655456069678,0.9556031929636352,0.33989499263233786,False
geum,S03003,do,436,0.7312847309126922,3.6962396800861415,0.00024676020028991915,True,402,0.1952036248499925,5.724060679313165,2.0400837919861835e-08,True
geum,S03004,do,314,1.1965715359944475,1.4950115806734507,0.13591891979362455,False,280,0.12725895003167415,1.6344410824702094,0.10329405375201425,False
geum,S03005,do,398,-0.049018646037478984,-0.061170792668720976,0.9512539728567413,False,364,0.08840222688611699,1.4382362609787687,0.15122859186887525,False
geum,S03006,do,354,1.0771671043881728,2.108879670923354,0.03565892157359085,True,320,0.09319809860787691,1.9713915288929198,0.04954304560753606,True
geum,S03007,do,434,0.30932048072887286,0.8781054673841044,0.38037346619350565,False,400,0.11823282508646571,2.5455953141933043,0.011284478765466304,True
geum,S03008,do,403,1.4223789403185718,2.8737250478524716,0.004271893891358188,True,371,0.22155050869853452,4.009088847376102,7.37425906849522e-05,True
geum,S03009,do,422,0.5463952058532543,2.062892416274884,0.039735575086894556,True,388,0.09765682988255074,2.641152826208062,0.008597175998630599,True
geum,S03010,do,380,3.903624867954026,2.434354041483141,0.01537933461371033,True,346,0.28775865638659004,3.0547490359727023,0.002427806502409944,True
geum,S03011,do,394,2.431189827816365,1.8315928422005407,0.06776886707342424,False,360,0.22587771311086885,1.9916952320781254,0.04716176527193719,True
geum,S03012,do,255,4.009935492913493,1.575554268306137,0.11637323131711516,False,221,0.3542027328232829,1.83879386120458,0.06729342440924722,False
geum,S03013,do,163,2.156611033052564,1.8119373502241263,0.07184782430267092,False,129,0.2583242139196974,1.5376047932381127,0.12661362737749154,False
geum,S03014,do,375,0.4913137208709815,1.809015628467267,0.0712514244972146,False,345,0.11626331899490078,2.033286578045737,0.042790854639224066,True
yeong,S04001,do,389,0.9687814662177805,3.2785554231365857,0.0011375601690903085,True,355,0.152538267690512,4.163449809027745,3.941229933700975e-05,True
yeong,S04002,do,371,3.125395990263374,2.490708133009406,0.013186633410401983,True,337,0.018092841390836098,0.2273362534556599,0.8203005468323019,False
yeong,S04003,do,405,1.543751109187118,2.1855437399437645,0.029422569403251428,True,371,0.15562477644143813,1.8675261748004994,0.0626185739194396,False
yeong,S04004,do,418,0.795867430563425,3.3572673973535236,0.0008594177373409244,True,384,0.26847466277666016,4.6910589018919735,3.787948689958228e-06,True
yeong,S04005,do,164,0.9497025390332114,0.4559021539541671,0.6490671379385063,False,134,-0.0436618789176293,-0.31289741677698657,0.7548487075161464,False
yeong,S04006,do,361,1.3030099402736735,3.8233672460596013,0.0001550949992978962,True,327,0.12714062699547682,2.8202096873787275,0.005093074464244732,True
yeong,S04007,do,386,0.3037290627696153,1.79554275270262,0.07335133449463381,False,352,0.042187195878757106,1.8735660443540283,0.06182099183773089,False
yeong,S04008,do,421,0.7449858683644728,2.567637107535622,0.01058448368855127,True,387,0.12783061791996841,3.4362290156327218,0.0006539900080257647,True
yeong,S04009,do,391,1.1304768066722943,1.7219740674058572,0.08586709629830243,False,357,0.046671876006038865,0.8069651908379548,0.42022532767332493,False
han,S01001,toc,376,0.06667389149844984,4.149573443570347,4.125002159565728e-05,True,342,0.03710113814797814,4.40566314016305,1.4140863754844954e-05,True
han,S01002,toc,353,0.1237406603833849,5.123960115709272,4.942307689049809e-07,True,319,0.07044869039148005,4.398985764576824,1.4857282733394196e-05,True
han,S01003,toc,433,0.07974398806068216,2.460441449448349,0.014266999111070733,True,399,0.02266147119246258,1.9274171474732607,0.05463904167701457,False
han,S01004,toc,423,0.06681319944809738,2.827505617874302,0.0049144965500011895,True,389,0.008366720399701936,1.079792562512398,0.2809053150263453,False
han,S01005,toc,354,0.16799359374487288,2.503280355837809,0.012755825907524233,True,320,0.051681968627239463,4.403718866551663,1.4541190866744886e-05,True
han,S01006,toc,393,0.34072843254596075,3.839827255076242,0.00014352118808548173,True,359,0.10615562573356353,4.950342938304712,1.1431168654704277e-06,True
han,S01007,toc,298,0.19892621170147678,1.9739722514174307,0.04931135626504428,True,264,0.09284570435262358,2.9837656637774748,0.0031149158122191333,True
han,S01009,toc,371,0.3905391779125015,3.3600948333653964,0.0008602911479992869,True,337,0.05680479508241189,3.265382627517038,0.001205781263819227,True
han,S01010,toc,404,0.011635899815378624,1.7157588095441612,0.08697476436274379,False,370,0.006994353753307931,1.4305969557166762,0.15339201475231584,False
han,S01011,toc,336,0.664800313817285,5.162570497972924,4.1851739868574094e-07,True,302,0.16268153240640867,6.948253209973058,2.2931450869284906e-11,True
han,S01012,toc,385,0.24494299506772166,1.283467556155378,0.20010230164917958,False,351,0.06953110058700626,1.6471457822528741,0.10042556365647988,False
han,S01013,toc,341,0.02799845395910129,0.19275342384089425,0.8472671654859424,False,308,-0.036906374069928485,-1.1974824150072958,0.2320423452614163,False
han,S01014,toc,315,0.06679588945533729,9.235480291384656,3.966127477377874e-18,True,281,0.05718033317857537,5.333097772621493,1.9924937148233355e-07,True
han,S01015,toc,338,0.06091737662757135,1.4182973656641777,0.15702802677314517,False,304,-0.0031221159821495648,-0.2182305882854246,0.8273963564805329,False
han,S01016,toc,365,0.44350171940800825,2.5962180212383497,0.00980741029477567,True,331,0.06324796962102096,2.3329863840285854,0.02024938927169037,True
han,S01017,toc,213,0.33267899413925933,1.067739345576779,0.28685244749796573,False,179,0.024420525539323692,0.6182497207332088,0.5372010151037233,False
han,S01018,toc,338,0.03398370895271981,2.7021324167942145,0.0072383251400267995,True,304,0.024474703841526363,2.866007985116258,0.004447813905786012,True
han,S01019,toc,316,0.030384892994515803,2.9165539891255237,0.003793351051115998,True,282,0.00966353220207117,1.5992130557596695,0.11089700716907654,False
han,S01020,toc,369,0.0477164189713169,3.2009569458888967,0.0014888299809001418,True,336,0.020302090501303056,2.723496391315624,0.006797978764784238,True
han,S01021,toc,337,0.18484488780716124,3.7158592245943214,0.0002371196784450295,True,305,0.043412230695514156,2.9042581805554577,0.0039510389826970735,True
han,S01022,toc,327,2.4041870163082963,8.039161417713997,1.6836288303217704e-14,True,293,0.28142701071355464,5.337568858972955,1.8944431495123517e-07,True
han,S01023,toc,332,1.1537571914070917,4.412642935219416,1.3834638082986742e-05,True,298,0.08225489807171457,3.3492154365345734,0.0009149918156292899,True
nak,S02001,toc,411,-0.12795902425996059,-0.992147685061948,0.3217106530062914,False,379,-0.0337832315303893,-1.0839732945693221,0.27906754265555817,False
nak,S02002,toc,324,0.130347051420858,1.7403833358098633,0.08274408530538264,False,290,0.06617727417451101,2.7993869263652305,0.005464674766195671,True
nak,S02003,toc,403,0.16657979775365833,1.7385866607763436,0.08287310147129086,False,369,0.035222881960967116,1.1629712557966023,0.2455947327967031,False
nak,S02004,toc,173,0.04574162996292031,0.39342334180889,0.6944940703116069,False,139,-0.026132547215670016,-0.7620944126007336,0.4473042089602096,False
nak,S02005,toc,381,0.16555820495948123,2.010557905070784,0.04507821218062607,True,347,0.07945323381371647,4.262175166247235,2.6138093738652666e-05,True
nak,S02006,toc,357,0.05872166089749482,1.5442188979408196,0.12342374394726913,False,323,0.03961874923305421,2.7520031888077616,0.006258811983203371,True
nak,S02007,toc,425,0.002491849420666832,0.06779003339206288,0.9459847331350428,False,391,-0.016143324783222068,-1.3989290466339137,0.16262902185414746,False
nak,S02008,toc,405,0.12335354994564628,2.672469729632021,0.007834351280915431,True,371,0.03131944190252418,1.6756730339950463,0.09464704944026404,False
nak,S02009,toc,293,0.10304265422875523,1.343702781681015,0.18008772059358472,False,259,0.06019106135129486,2.208178959179525,0.02811157852322249,True
nak,S02010,toc,385,0.34105478153055124,2.0190855996175823,0.04417274629798275,True,352,0.036022092855542566,1.0121440395350514,0.31216638250509027,False
nak,S02011,toc,349,0.4836434992214987,3.7213127571458915,0.00023102028340470706,True,315,0.0695831715527782,3.0318725423011146,0.002632860854264122,True
nak,S02012,toc,420,0.1021137324696819,1.372405920359083,0.17067130737453562,False,387,0.0412887136756849,2.0040782243626127,0.0457599118630904,True
nak,S02013,toc,430,0.018990652175678666,1.0681157951050124,0.2860689452681581,False,396,0.015294004754746425,1.3819791871208522,0.16775911590288753,False
nak,S02014,toc,306,0.10084074753060526,0.9020248905024668,0.36775541625571334,False,272,0.05940441680036096,2.0362876101201812,0.04269368953271915,True
nak,S02015,toc,359,-0.07103822300965537,-0.6950280210245287,0.4874885933731664,False,325,0.0055299052608559955,0.2811029363557748,0.7788108778706322,False
nak,S02017,toc,380,0.013379787830445493,0.29906556145431695,0.765053943563015,False,346,0.024705388021193767,1.3326109463656481,0.18353896855838764,False
nak,S02018,toc,301,0.02300237236679744,0.9519465602393136,0.3418904063412507,False,267,0.026501393675787594,1.8047332680375379,0.0722473092776438,False
nak,S02019,toc,340,0.211025302124012,1.5841047410231557,0.11410228498748239,False,306,0.015513415917148223,0.6007538457766003,0.5484501100593945,False
nak,S02020,toc,378,0.04452156301784143,1.1569077840091442,0.24804255294075328,False,344,0.029824897729742835,1.8908635172795645,0.05948511481623439,False
nak,S02021,toc,385,0.0014284631278319625,0.032323456482559604,0.9742308972990833,False,351,0.031875159045869024,2.227127207637669,0.02657434743958937,True
nak,S02022,toc,414,0.1477527982779527,2.993041769953281,0.0029279655997905556,True,380,0.07094347168750803,3.869487068099996,0.00012837903132965946,True
nak,S02023,toc,399,0.15166945433790135,2.372639295641511,0.018135974797987373,True,365,0.04887751115661475,2.968081906428128,0.003194920719233295,True
nak,S02024,toc,384,0.1468350485351184,3.986194300754233,8.04056198746642e-05,True,350,0.03463937906374679,2.5300697885540973,0.011843226959402844,True
geum,S03002,toc,369,0.030288298972278336,0.5489364139908124,0.5833819900770403,False,335,0.028729640117182667,1.8367623127886035,0.06713344901239396,False
geum,S03003,toc,210,0.031444204261969845,1.7814380094316826,0.07629307951980699,False,176,0.02189331020047278,1.8257260389540562,0.06959603204242291,False
geum,S03004,toc,301,0.1663320858508466,3.094934990844522,0.0021542607572919738,True,267,0.06303155257380214,3.1310529087342904,0.0019361210278156435,True
geum,S03005,toc,397,0.06938671806366463,4.220131830623614,3.0302526506075028e-05,True,363,0.026944775956312325,2.2535433813258527,0.024822710378363755,True
geum,S03006,toc,336,-0.13026456143077716,-0.6411110372776578,0.521888891500273,False,306,0.023467648382744198,0.5860168410218181,0.5582975976977397,False
geum,S03007,toc,411,0.17943912353938904,3.7075957237018056,0.00023800240943286323,True,377,0.05549929112506675,4.31535658903855,2.0397960169524768e-05,True
geum,S03008,toc,391,0.1350840532498703,7.30289090083202,1.5981934650908798e-12,True,357,0.051454265607676936,5.803687917278653,1.4357138303698313e-08,True
geum,S03009,toc,409,0.09755533153510618,9.880432991277312,8.7734558962e-21,True,375,0.028875167670032544,4.9429020286505105,1.1639431866211087e-06,True
geum,S03010,toc,372,0.9052296033985762,3.1403019211471004,0.0018231016404507297,True,338,0.16286498976962493,4.075710925486467,5.726415840972789e-05,True
geum,S03011,toc,365,0.0303477804386413,2.513188835189614,0.012395781478001295,True,331,0.018970384030612453,2.2435077041040814,0.025527027937475417,True
geum,S03012,toc,424,0.21357353304867904,3.542701846368776,0.0004401442217578288,True,390,0.0828711870396291,3.988366290131789,7.948627547674161e-05,True
geum,S03013,toc,140,0.7127592140799826,2.0160332222087596,0.04572350218741995,True,106,0.031432953973924004,0.7523446803324366,0.45352710908015115,False
geum,S03014,toc,374,0.0896994162508349,2.3163377987704834,0.02108116790257092,True,340,0.016914302765373358,1.3076729031570637,0.19187039472878353,False
yeong,S04001,toc,369,0.026312136399541566,2.713161948311912,0.006977661787640368,True,335,0.029046479880145346,3.3551516078957673,0.0008844921185129162,True
yeong,S04002,toc,403,0.31347277462658285,2.5096298816489337,0.012477979331761316,True,369,-0.022430964315840782,-1.073764857539842,0.28363165415334285,False
yeong,S04003,toc,379,0.0793594453020313,0.5075688975664405,0.6120517215602903,False,345,-0.013488337749600197,-0.4242508067049944,0.6716480996954017,False
yeong,S04004,toc,397,0.1497099967608145,3.780548227552075,0.00018058834801138935,True,363,0.07643303273757716,4.592017395510136,6.066286345743336e-06,True
yeong,S04005,toc,144,-0.1596376232494198,-0.74853398035119,0.455367522055884,False,110,-0.01023276048387457,-0.19358829107277709,0.8468585599128722,False
yeong,S04006,toc,342,0.25301874334219576,3.033262533057616,0.002604810791620264,True,308,0.07452230479956808,3.6850680922140686,0.00027020364138017564,True
yeong,S04007,toc,333,0.10698873634886129,7.059179992855161,9.841637606808832e-12,True,299,0.023863743148140236,3.408743799940996,0.00074252119442586,True
yeong,S04008,toc,411,0.03345058918725072,1.1539432248325059,0.24919564561189475,False,377,0.024551052749292094,1.9049424137392148,0.05755027901536083,False
yeong,S04009,toc,353,0.3273723137358521,1.580807680126902,0.11482013034866864,False,319,0.04582445974324625,1.038409247570555,0.29986848067961763,False
han,S01001,tn,384,0.14353172743122208,3.680219884191664,0.00026643783120491394,True,350,0.08293393940738077,4.449532514398537,1.158960110899405e-05,True
han,S01002,tn,327,0.21491261064422199,3.0677710113987757,0.002337342470871274,True,295,0.05566955385815845,2.8215334257396445,0.005105023113828978,True
han,S01005,tn,345,0.3822010152601331,4.906428615403401,1.434039836828666e-06,True,311,0.06312284421944143,4.366356442295117,1.7240747040735554e-05,True
han,S01007,tn,313,0.8949611993116908,3.801533568059809,0.0001729374290553098,True,279,0.1870740206223641,4.257358658341559,2.832053628767189e-05,True
han,S01010,tn,418,0.028513084984921614,2.149957685399558,0.03213306070456706,True,384,0.031601644210543345,3.1473923834758226,0.0017763290677721211,True
han,S01012,tn,392,0.04646053574044385,3.032042801156271,0.0025908777455064843,True,358,0.05024951569269877,4.28853857485403,2.3178401271395578e-05,True
han,S01014,tn,285,0.28902852329213424,2.9882530548855737,0.003050992191397017,True,251,0.07785432804213915,4.000051542768814,8.345312267416565e-05,True
han,S01015,tn,372,0.05728647280568092,3.3752664216121686,0.0008153618292991879,True,338,0.002404046579860867,0.22385405666520647,0.8230065101325414,False
han,S01016,tn,369,0.5606906689323907,4.028084589632112,6.833269867436487e-05,True,335,0.09397822405529617,3.573779580593451,0.00040368303331001924,True
han,S01017,tn,219,0.2502431717341249,2.039527537359164,0.04260365510968869,True,185,0.06716231050973225,2.2021620183963795,0.028896815092640055,True
han,S01018,tn,348,0.3289032523324697,4.0077519200802,7.50569846319053e-05,True,314,0.09494389845820889,4.708864247779975,3.748708754997129e-06,True
han,S01019,tn,303,0.06460677573858307,3.225881405361593,0.0013936655152760897,True,269,0.048317304822218715,4.905312852241401,1.6201394074696568e-06,True
han,S01020,tn,397,0.06640130371311972,2.3229262373996415,0.020689041745191938,True,363,0.036411355771058314,2.7166660807424514,0.00691089943531995,True
han,S01021,tn,365,0.7027311510711048,8.625546595725547,1.998105487174796e-16,True,331,0.056872282154610966,3.3719514522946787,0.0008350381639292352,True
han,S01022,tn,352,2.0554190843203526,4.761979729528352,2.808810646560713e-06,True,319,0.2014477234289535,3.6653912696564857,0.0002892999572892969,True
han,S01023,tn,338,1.0467656729293464,6.3778137384698725,5.923500463483611e-10,True,304,0.1354095438946613,5.389925332368547,1.4193574753968817e-07,True
nak,S02002,tn,323,-0.000525297399586201,-0.030229468777317803,0.975902774243408,False,289,0.008199051343680371,0.6869398341106926,0.4926733942076772,False
nak,S02005,tn,395,0.04076109925663615,1.3661976807773826,0.17265615983849922,False,361,0.009460135079354472,0.87448643099475,0.38243641752177643,False
nak,S02006,tn,390,0.1516394865956934,4.999398704993968,8.715320140969531e-07,True,357,0.0341404434305401,2.9184853586035002,0.003740939326930847,True
nak,S02009,tn,264,-0.0020348148322761614,-0.10818045465158468,0.9139350340405314,False,230,-0.00024332144919824401,-0.02055796100508826,0.9836161766540787,False
nak,S02014,tn,310,0.2558382214571781,3.1308884591577093,0.001909426697456369,True,276,0.06020893090410072,2.7795968697200624,0.0058180625924054005,True
nak,S02015,tn,366,-0.007262658535477021,-0.22251199970098878,0.8240397907164215,False,332,0.015114709921071034,0.7922300936455763,0.42879393396574267,False
nak,S02017,tn,374,0.2514280064052732,5.165360772018985,3.915431075000194e-07,True,340,0.09827601540638294,4.961030652831425,1.111523936271604e-06,True
nak,S02018,tn,282,0.0947386093586934,3.5710962387439795,0.0004180533138807747,True,248,0.05152034871549169,4.436013471000055,1.3807107479117215e-05,True
nak,S02020,tn,362,0.10054022148190811,2.577305112988494,0.010353537355831714,True,328,0.025490461642683756,1.511789646336067,0.13155316365476716,False
nak,S02021,tn,424,0.1278203800755294,2.5829136659325163,0.010131828999425803,True,393,0.03787714332784389,1.6759302261085391,0.09454921099489369,False
nak,S02022,tn,415,0.030407620845555747,1.3222294665130507,0.18682178129808946,False,381,0.017188397348224787,1.2378370399141008,0.21654074276694066,False
nak,S02023,tn,371,0.09465156513439632,3.3975079046818655,0.0007539307918334051,True,337,0.044428639570694976,2.5869832306344533,0.010101744652213323,True
nak,S02024,tn,383,0.11295930410268012,2.0217808141940106,0.04389570360657933,True,349,0.02528877550877732,1.3106979988316592,0.19082412944857968,False
geum,S03003,tn,416,0.05729698340475837,3.7803501331288567,0.0001795712556390948,True,382,0.03817766842620219,4.667517126131736,4.229380954312425e-06,True
geum,S03004,tn,309,0.10691783753247622,2.0763447036512517,0.03869115447831452,True,275,0.04602814808787606,2.323530031809351,0.020882628048173826,True
geum,S03005,tn,394,0.17027587948362555,3.9180607816556603,0.00010526318300043953,True,360,0.05710816890016736,3.323100455380115,0.000981863683089261,True
geum,S03007,tn,427,0.06307802250153953,2.0283902335278587,0.04314207909474826,True,393,0.024114521158078852,2.709619006132301,0.0070316480987385795,True
geum,S03008,tn,401,0.055580371373374446,5.7097364394225485,2.208862343495678e-08,True,367,0.035969386579945084,4.575371469457177,6.5185228897397374e-06,True
geum,S03009,tn,413,0.004867837264860047,2.7991180534867213,0.00536502951621071,True,379,0.012739195059579864,3.54934438683008,0.0004348571753934396,True
geum,S03010,tn,386,0.15900089411323381,1.7513391073170141,0.08068381717087733,False,352,0.039328486234298965,3.098397487612154,0.0021026717340653254,True
geum,S03011,tn,383,0.16229605550734505,3.4550321465783163,0.0006119757225738891,True,349,0.0983114578278663,4.779896693714025,2.592017484082273e-06,True
geum,S03012,tn,423,0.16459697828295985,4.82596539714846,1.9504450306933664e-06,True,389,0.06611585409744293,4.334291347948654,1.8654775114400773e-05,True
geum,S03013,tn,152,0.36569400637059585,2.4686898863205915,0.014675857708352242,True,118,0.05187651619611969,1.2718301143611537,0.20595570281813344,False
geum,S03014,tn,366,-0.0010298287652256907,-0.034200545767665215,0.9727359262979534,False,332,0.013603109110572111,0.9938846451746641,0.32100502913947476,False
yeong,S04001,tn,379,0.061594919372895504,5.329081892651566,1.7003537105290806e-07,True,345,0.04550661551127574,8.512275607947371,5.357613182639699e-16,True
yeong,S04002,tn,391,1.0580958299882386,2.423015351262681,0.015846795557014015,True,357,0.12351373180800082,3.6254965193451465,0.0003304622999936648,True
yeong,S04004,tn,397,0.014302929381276088,1.4008254711575459,0.16204938388572754,False,363,0.012679521744883748,2.94133317872544,0.003478264983889531,True
yeong,S04005,tn,155,2.395944732128556,1.6567339153604428,0.09960928091651078,False,121,0.13610459854911522,1.4560716226452337,0.14798421109622276,False
yeong,S04006,tn,350,0.19219171087179343,4.5329288223495405,8.004176753979928e-06,True,316,0.06464311294650388,5.506069344883146,7.622579016018521e-08,True
yeong,S04007,tn,410,0.029312509567777555,3.584126646499,0.00037900799584642924,True,376,0.00852903211396008,2.241820362615265,0.025557139332647204,True
yeong,S04008,tn,401,0.09354184530815805,4.591265556460447,5.908862575191231e-06,True,367,0.04771427578241815,4.5395788136893565,7.658577517596432e-06,True
yeong,S04009,tn,379,0.12089976700599196,3.0652092238683726,0.00233141565082113,True,345,0.041069386044894844,2.78611690207901,0.005630120363262996,True
han,S01001,tp,363,1.494841208167907e-06,0.9393105145199255,0.348197657718656,False,329,0.00012536535453077966,1.3988852097974047,0.16279227663591064,False
han,S01002,tp,343,-9.232482706699313e-05,-1.6319827423865476,0.1036035107545244,False,309,-0.00030106778077239994,-0.5597309383598362,0.5760698022289996,False
han,S01005,tp,359,-0.0008099554769010874,-0.932602979753097,0.3516535225782347,False,325,-0.0009499910471765778,-1.0004549942042884,0.31783695336263007,False
han,S01007,tp,326,5.568545626830175e-06,0.4354346457612056,0.6635360043610303,False,292,0.00046471008143868345,1.5759339444359652,0.11612750871123623,False
han,S01010,tp,403,5.239264232818749e-06,1.315674277639394,0.1890332175997476,False,369,0.0003158893252207742,1.9765778690734706,0.04883560285820315,True
han,S01012,tp,340,0.00012767989128404967,1.859168642137508,0.06386951729488291,False,306,0.003291374911501656,3.5003296233066656,0.0005340084085647373,True
han,S01014,tp,307,5.931218902848018e-05,3.420960566958677,0.0007087969297676934,True,273,0.001843343217999067,4.470724961341829,1.1455596955797053e-05,True
han,S01015,tp,334,4.655119429404519e-06,0.8787547528852078,0.38016789915135096,False,300,0.0002386041087933218,0.9151834587110518,0.3608327961627786,False
han,S01016,tp,364,0.00019161981767055425,6.050553859687595,3.5961014179180796e-09,True,330,0.001137690526795436,2.1554526999789894,0.03185134906397514,True
han,S01017,tp,221,-0.0002111780890332511,-1.3708204843672591,0.1718277988180306,False,187,-0.0014292052189063828,-0.8779259566032699,0.3811165251744169,False
han,S01018,tp,344,3.2585428313386208e-06,0.8149007105321391,0.41569459123218716,False,310,0.00017748184511773697,0.924320834933992,0.3560405456910266,False
han,S01019,tp,306,7.230265953650027e-08,0.049829391667099245,0.9602909601482746,False,272,8.877445214102766e-05,0.9111027906604128,0.36305091676509954,False
han,S01020,tp,394,-2.5326401215092512e-05,-0.9949097727908368,0.32039232042934773,False,360,0.0007514984976041599,2.0173439724822475,0.04440341212115522,True
han,S01021,tp,356,18561.41630906526,4.34184807701553,1.845531730436061e-05,True,322,34.40965100368718,6.429657193540083,4.6306288430177145e-10,True
han,S01022,tp,331,0.0027002635720618654,6.43026164463325,4.466892710444565e-10,True,297,0.0028348352770936496,2.4696705888844868,0.014087772155268862,True
han,S01023,tp,344,0.00041217784442097987,1.8268970041258974,0.06858415655802423,False,310,0.0004854264598297729,0.4616945743224129,0.644625222858457,False
nak,S02002,tp,334,3.9388734136487526e-05,1.2082391895746045,0.22781259393296388,False,300,0.0013316041085338997,2.5157408720383483,0.01240213777756106,True
nak,S02005,tp,374,4.733152313347439e-05,0.6750190102224302,0.5000818889358554,False,340,0.0018377651014771126,2.216522627123623,0.0273190809593824,True
nak,S02006,tp,365,-1.66882454518698e-05,-1.121619541925438,0.26276360440893637,False,331,0.00036517023470822763,1.3794465153034066,0.16869117628342167,False
nak,S02009,tp,208,7.672906091736173e-05,1.1686985991646728,0.2438692274493495,False,174,0.0017967243391322145,1.595571255108115,0.11240970407974075,False
nak,S02014,tp,305,7.173684258822447e-06,0.19554570350906564,0.8450963983536821,False,271,0.0007719692368569728,1.277225737593527,0.20261978463624777,False
nak,S02015,tp,351,-2.6358025162096526e-06,-0.08889586198223672,0.9292155161765479,False,317,0.0005534931330694441,1.4253246486534907,0.15505035359711278,False
nak,S02017,tp,390,0.0002337559130870205,2.9880566970127442,0.002985610123667928,True,356,0.0029723220753121566,3.918991624224522,0.00010669055108993255,True
nak,S02018,tp,304,4.7056877822602394e-07,0.0953694905459657,0.924084389604756,False,270,0.00029566875546581606,1.5901222923800982,0.112981771485654,False
nak,S02020,tp,360,-5.583387310928517e-06,-0.30397093984990503,0.7613261358987715,False,326,0.0004751064617004286,1.3223839731461007,0.18697016548294457,False
nak,S02021,tp,419,1.2199716084062853e-05,0.4566680598286219,0.6481468586395069,False,385,0.000362389076368966,1.0365128209135197,0.3006152260399692,False
nak,S02022,tp,396,-1.643435043670477e-06,-0.05937085824083351,0.9526867487046553,False,364,0.00018697605834296552,0.4470637941624221,0.6550956228828483,False
nak,S02023,tp,332,1.2786268145542155e-05,0.4676754780570435,0.6403244371566302,False,298,0.000764371569915307,1.6960950526816054,0.09091573429952578,False
nak,S02024,tp,373,4.558930320574433e-06,0.042866678838092885,0.9658308097407164,False,339,0.00033705138652398664,0.3120044036568699,0.7552295547322272,False
geum,S03003,tp,423,-1.769491573697665e-06,-0.3971033659226959,0.6914919969212762,False,389,0.0004900394221819747,3.1040598649692623,0.002048831525674239,True
geum,S03004,tp,317,0.0002524218141836502,1.3350637614758563,0.18281646680247682,False,283,0.0028588175948807562,2.1503557696940274,0.03237715577093781,True
geum,S03005,tp,390,-7.996275928776603e-05,-1.242171363848159,0.21492168657461336,False,356,-0.00034391450278159475,-0.5663575391997125,0.5715086122240498,False
geum,S03007,tp,399,0.000125601331080944,1.0590409285107945,0.2902234414810809,False,365,0.0021098021699941637,2.0875231243667507,0.037535818373936776,True
geum,S03008,tp,404,3.103795410295479e-06,3.0464043185422036,0.0024682558680191352,True,370,0.0004285915277761189,5.015076767486151,8.25184631908765e-07,True
geum,S03009,tp,417,3.1665290362779755e-05,2.3046701414054764,0.02167672157858166,True,383,0.0013001310775102718,3.890896589280145,0.00011780961917501315,True
geum,S03010,tp,367,0.0002624398409973685,1.436651401906261,0.15167130799734835,False,333,0.0026781749670351197,3.364992877463879,0.0008550982257741434,True
geum,S03011,tp,372,6.5318937246148195e-06,0.5163626289368967,0.6059087916456356,False,338,5.477354997215732e-05,0.18164812242637315,0.8559680874899941,False
geum,S03012,tp,424,6.96794758331679e-05,2.1476197533160932,0.032311514946339624,True,390,0.0006308624802660181,1.4678278664435458,0.14295905900335062,False
geum,S03013,tp,152,9.186313080330472e-05,0.6403624695195735,0.5229075076851302,False,118,0.002174856243420459,1.2658278821728226,0.20808948385621245,False
geum,S03014,tp,375,1.3091062271486318e-05,1.166117274696567,0.2443101143872869,False,341,0.000182699430596364,0.576033434110977,0.5649736724127505,False
yeong,S04001,tp,379,-2.986652347053873e-07,-0.12583413318580117,0.8999301220500754,False,345,0.00022063294093100895,1.710634994467841,0.08805007182721507,False
yeong,S04002,tp,387,0.0003250396871035067,1.5414918590562676,0.12401649241764037,False,353,0.002147870401400644,1.8101963987783896,0.07111796851113253,False
yeong,S04004,tp,382,2.4203429650040944e-06,1.0841769532215058,0.27897193116363683,False,348,0.00034090672004956645,3.0181369643680878,0.0027314176672688603,True
yeong,S04005,tp,150,-0.00197730105888819,-2.72024282992082,0.007299519172558398,False,116,-0.006014421232300993,-1.5265608747451018,0.12961593460885926,False
yeong,S04006,tp,353,0.00016236762256383847,3.5742329335750673,0.00040025163394846795,True,319,0.0018695639489729587,2.5973167127572183,0.009832325376486583,True
yeong,S04007,tp,419,757.7716435960283,5.613741114386124,3.6134930189023214e-08,True,385,9.165931473605045,9.856475609987859,1.400530891259949e-20,True
yeong,S04008,tp,399,1462.5090261657003,3.6841446202021575,0.0002612067233991291,True,365,11.266405823892395,5.525050866425114,6.284763702749983e-08,True
yeong,S04009,tp,377,0.0003308976311745979,1.4866438917621165,0.13794692263493716,False,343,0.002224644430916564,1.4999991694010169,0.13453717620386055,False
han,S01001,chl-a,402,25.517159126225057,1.8124743977080162,0.07066064794699022,False,368,0.9003345689538298,3.8064562510345903,0.0001651478378882452,True
han,S01002,chl-a,380,65.27709671914371,1.9472461087675599,0.052243461729124974,False,346,1.9285764751994934,3.6680407970156446,0.00028299155843435986,True
han,S01003,chl-a,409,1269.321258602431,2.068717554572167,0.03920197054081521,True,375,7.6589655669090915,3.8788221535488154,0.00012399878912571567,True
han,S01005,chl-a,405,1.3514957957723266,0.6635911825576465,0.5073304888542269,False,371,0.16443064955151912,1.5222085991445582,0.12881097866609015,False
han,S01010,chl-a,379,9.175862403551038,3.20387325441248,0.0014710370438558843,True,345,0.4062398292872101,3.3778146927341655,0.0008143485503754563,True
han,S01011,chl-a,371,16.32048227825421,2.026229296645567,0.04345829428754763,True,337,1.1201752874396458,5.517969690810549,6.861500968273697e-08,True
han,S01012,chl-a,390,144.92896505171893,2.3109169520189354,0.02135965017313199,True,356,2.7093675447146603,4.20037338191745,3.373971790341422e-05,True
han,S01014,chl-a,336,1.046766772646549,3.7957137165710635,0.00017470647981519168,True,302,0.17698400478870102,4.4673902179682425,1.1218104384610635e-05,True
han,S01020,chl-a,411,42.84382389156389,1.9754774380721112,0.048884194654614084,True,377,1.2361190775392148,3.595379089199206,0.00036709266251627265,True
han,S01021,chl-a,350,1.922351742132144,1.5945301634493312,0.11172250196931399,False,316,0.023643836648032435,0.4448767728607046,0.6567143395468482,False
han,S01022,chl-a,366,-10.139222318053067,-1.076028294333714,0.28262532104852855,False,332,0.349966349739921,1.484083491253627,0.13873838450393203,False
han,S01023,chl-a,346,638.8802151522038,1.5914211970756351,0.11243064664017674,False,312,5.712577799467912,3.286334637579923,0.0011310623036977715,True
nak,S02001,chl-a,421,0.867869796424604,3.3283627745705755,0.0009505773705793389,True,389,0.27524754908319654,5.727668613725346,2.0437683100104722e-08,True
nak,S02002,chl-a,353,20.239112424529985,1.0919881605582034,0.2755851382256115,False,319,1.2247144554259755,3.0691654421875456,0.002331403873101809,True
nak,S02003,chl-a,387,15.893159606373008,2.222142443564409,0.026852733603345013,True,353,0.06988987218146056,0.5071963947267177,0.6123346249741429,False
nak,S02004,chl-a,168,22.476998361340026,3.1637885447127774,0.0018505826319333493,True,136,1.1920344599317763,3.8582531705594665,0.00017618802360420255,True
nak,S02005,chl-a,411,81.22219007599743,1.7467523184437703,0.08142912754832445,False,377,1.697334740001438,3.404993526929847,0.0007329853012541784,True
nak,S02006,chl-a,422,25.06636549951563,0.43044944218521153,0.6670890078060037,False,388,1.0405631128149782,1.7544769744990918,0.08014020772310497,False
nak,S02007,chl-a,414,53.03934828795146,1.0647498826737658,0.28761122710857967,False,380,1.5016717512095819,3.059469231229987,0.002375016469410511,True
nak,S02008,chl-a,413,3.5045841943895883,11.402660044832674,2.3042551484883838e-26,True,379,0.534193460742094,10.97555759187782,1.6260375253711342e-24,True
nak,S02009,chl-a,298,-0.9272221653439328,-0.07708295712323525,0.9386094524456007,False,264,0.2462370620802667,0.6638639043798131,0.5073589602565307,False
nak,S02011,chl-a,342,0.7282340126612508,0.39513358977422897,0.6929913545256009,False,308,-0.015498449530108652,-0.1785171269286232,0.8584346173354324,False
nak,S02012,chl-a,379,12.531636860043562,1.3171938943990058,0.18857153485400086,False,345,0.735020527071568,3.4106410294538767,0.0007251904812949069,True
nak,S02013,chl-a,429,1.2592169714504773,4.261823445849267,2.495959606431017e-05,True,395,0.2186782681900153,5.1063004800077545,5.125660084903407e-07,True
nak,S02014,chl-a,331,5.383484821114486,5.906533953062444,8.692358957928958e-09,True,297,0.3375101390903669,4.0626607434496576,6.219949157100237e-05,True
nak,S02015,chl-a,362,37.29983318327504,1.4071755303222007,0.16023572183688337,False,328,1.348130778745428,2.7405204015858664,0.006471189094958486,True
nak,S02017,chl-a,432,19.3236921527498,0.20853200281713313,0.834912109134914,False,398,1.9877991670707689,2.7661502840607493,0.005937212359232614,True
nak,S02020,chl-a,367,1.7200443450100866,0.05034579190558335,0.9598742972410271,False,333,0.8776474663882954,1.4325674237093045,0.15292238074656406,False
nak,S02021,chl-a,431,-5.779281933957812,-0.8438211472945415,0.399238532805475,False,399,-0.022645214139291,-0.122903220190066,0.9022457729339058,False
nak,S02022,chl-a,405,-65.43264751609368,-1.0420809527833905,0.29799733389576755,False,371,0.1031548604531718,0.15483927719236498,0.8770324551582446,False
nak,S02023,chl-a,392,-2.1679677508104325,-0.11143257777154458,0.9113305068076926,False,358,0.4610599122861311,1.6212438833343945,0.10584818301984049,False
nak,S02024,chl-a,385,15.66539247630881,3.9318930261661764,9.998283409714051e-05,True,351,1.712086944837897,8.062478916849384,1.1983482423221857e-14,True
geum,S03002,chl-a,400,-2.73000651541506,-0.14065513497765797,0.8882133698201942,False,366,0.39698728484910517,1.0571451478119775,0.29114450588132335,False
geum,S03003,chl-a,432,10.918251429346899,0.8612474055911852,0.3895806709623488,False,398,0.5331946839173944,2.1237247333577804,0.034310980329566115,True
geum,S03004,chl-a,316,-7.159919629790976,-0.17084252607813596,0.8644572741445204,False,282,0.452446506140782,1.005206401603695,0.3156622774114549,False
geum,S03005,chl-a,389,-56.20687506521622,-0.7710851035679779,0.441125795687929,False,355,0.767219229976395,1.1459489349241396,0.25259033229149214,False
geum,S03006,chl-a,305,191.24348641722122,0.8265930621765318,0.4091160452822222,False,271,2.553584447683885,2.6714716586484353,0.00801076758133021,True
geum,S03007,chl-a,430,30.249700867095797,0.9027341456687241,0.36717358927292537,False,396,1.1772898849701345,2.1303282816598132,0.03376187296568158,True
geum,S03008,chl-a,403,69.13736588735833,1.4467346501035858,0.1487505262192102,False,369,1.9322805722467407,3.3353098941591237,0.0009387561470856284,True
geum,S03009,chl-a,414,0.1567685329839737,1.1176950609434233,0.26434699490656527,False,380,0.0797487247726574,2.8849345536469455,0.004138683410241129,True
geum,S03013,chl-a,160,26.953986319034982,1.4811480404125006,0.14054609720031502,False,126,0.7390010453692204,1.8515408363538282,0.06645161725639612,False
geum,S03014,chl-a,380,3.402871578753128,5.281746459050903,2.1619348905688166e-07,True,346,0.33766174293379575,3.734802385494008,0.00021972507911943923,True
yeong,S04001,chl-a,393,5.151820710653719,1.0904302627531648,0.2761934764869794,False,359,0.4302162599606882,2.906976583511987,0.003876699112064548,True
yeong,S04002,chl-a,393,877.7376976147917,2.2173933854095877,0.027169129944847232,True,359,3.143085125516085,1.7193556679932358,0.08641398303559628,False
yeong,S04003,chl-a,406,125.58093541151763,3.203372986509051,0.0014656749364015008,True,372,2.5356219381044944,5.209213974969018,3.151890336901497e-07,True
yeong,S04004,chl-a,414,22.31433270399667,2.447646591660699,0.01479472895465069,True,380,0.9638576135838627,4.104559771374323,4.9633838898342506e-05,True
yeong,S04005,chl-a,170,210.97849078575229,1.020486122229858,0.30895657861235265,False,139,0.6003004038566395,0.43958651335176674,0.6609242258277697,False
yeong,S04007,chl-a,431,4.114093609486883,1.7042416617832699,0.0890583460649965,False,397,0.22069685237272535,3.7384655028121614,0.00021242418017233174,True
yeong,S04008,chl-a,413,-32.8905224731714,-0.2045449076406869,0.8380287093000163,False,379,1.770471223968521,2.2889866596199604,0.022630989132355547,True
yeong,S04009,chl-a,398,23.82586055781933,1.0875845107185014,0.2774384090498469,False,364,0.7234560101110425,1.9600515439492656,0.05075442023861864,False
